Identifier,Category,Air_Temp,Process_Temp,Rotational_Speed,Torque,Tool_Life,Failure,Failure_Description
8500,L,298.3,309.5,1711,30.3,148,0,Normal_Operation
8501,L,298.4,309.7,1581,34.6,150,0,Normal_Operation
8502,H,298.6,309.8,1279,55.9,152,0,Normal_Operation
8503,L,298.5,309.8,1468,40.9,157,0,Normal_Operation
8504,L,298.4,309.7,1419,41.3,159,0,Normal_Operation
8505,L,298.4,309.7,1530,38.6,161,0,Normal_Operation
8506,L,298.4,309.6,1710,27.3,163,1,Normal_Operation
8507,L,298.4,309.7,1518,39.8,165,0,Normal_Operation
8508,M,298.4,309.7,1679,33.3,167,0,Normal_Operation
8509,M,298.4,309.7,1870,22.5,170,0,Normal_Operation
8510,L,298.3,309.7,1484,44.3,173,0,Normal_Operation
8511,L,298.4,309.7,1457,44.2,175,0,Normal_Operation
8512,H,298.3,309.6,1546,36.2,177,0,Normal_Operation
8513,M,298.2,309.5,1478,36.5,182,0,Normal_Operation
8514,L,298.2,309.4,1447,47.1,185,0,Normal_Operation
8515,L,298.2,309.4,1443,45.4,187,0,Normal_Operation
8516,L,298.3,309.6,1527,30.9,189,0,Normal_Operation
8517,M,298.3,309.6,1469,54.8,191,0,Normal_Operation
8518,M,298.3,309.6,1681,27.1,194,0,Normal_Operation
8519,L,298.3,309.6,1420,44.1,197,0,Normal_Operation
8520,M,298.3,309.5,1543,49.9,199,0,Normal_Operation
8521,L,298.4,309.5,1376,50.4,202,0,Normal_Operation
8522,H,298.3,309.4,1631,29.8,0,0,Normal_Operation
8523,H,298.3,309.3,1529,41.7,5,0,Normal_Operation
8524,L,298.3,309.4,1468,46.2,10,0,Normal_Operation
8525,L,298.3,309.4,1378,52.3,12,0,Normal_Operation
8526,L,298.3,309.3,1401,51.9,14,0,Normal_Operation
8527,L,298.4,309.3,1531,37.4,16,0,Normal_Operation
8528,L,298.4,309.3,1512,35.8,18,0,Normal_Operation
8529,M,298.5,309.4,1522,47.4,20,0,Normal_Operation
8530,M,298.5,309.3,1615,31.8,23,0,Normal_Operation
8531,L,298.6,309.3,1449,46.5,26,0,Normal_Operation
8532,L,298.6,309.4,1315,55.5,28,0,Normal_Operation
8533,M,298.6,309.4,1465,41.1,30,0,Normal_Operation
8534,M,298.6,309.5,1404,43.3,33,0,Normal_Operation
8535,L,298.6,309.5,1547,44.8,36,0,Normal_Operation
8536,M,298.6,309.5,1426,45.4,38,0,Normal_Operation
8537,L,298.6,309.5,1730,30.2,41,0,Normal_Operation
8538,L,298.5,309.4,1548,37.7,43,0,Normal_Operation
8539,L,298.5,309.4,1517,40.2,45,0,Normal_Operation
8540,L,298.6,309.5,1687,29.3,47,0,Normal_Operation
8541,L,298.5,309.5,1738,25.2,49,0,Normal_Operation
8542,H,298.4,309.4,1512,35.3,51,0,Normal_Operation
8543,M,298.5,309.4,1365,48.7,56,0,Normal_Operation
8544,H,298.5,309.4,2011,21.0,59,0,Normal_Operation
8545,L,298.4,309.3,1806,27.6,64,0,Normal_Operation
8546,L,298.4,309.3,1716,28.4,66,0,Normal_Operation
8547,M,298.4,309.4,1666,24.3,68,0,Normal_Operation
8548,L,298.5,309.4,1578,36.3,71,0,Normal_Operation
8549,L,298.3,309.3,1558,37.2,73,0,Normal_Operation
8550,L,298.3,309.2,1456,45.5,75,0,Normal_Operation
8551,M,298.2,309.1,1457,49.0,77,0,Normal_Operation
8552,L,298.2,309.1,1467,44.5,80,0,Normal_Operation
8553,M,298.1,309.0,1661,38.2,82,0,Normal_Operation
8554,L,298.1,309.0,1592,33.9,85,0,Normal_Operation
8555,L,298.2,309.0,1596,37.2,87,0,Normal_Operation
8556,L,298.2,309.0,1489,40.6,89,0,Normal_Operation
8557,L,298.3,309.0,1471,48.3,91,0,Normal_Operation
8558,M,298.3,309.0,1505,41.3,93,0,Normal_Operation
8559,L,298.3,309.0,1519,40.0,96,0,Normal_Operation
8560,L,298.3,309.0,1408,45.4,98,0,Normal_Operation
8561,L,298.2,308.9,1332,44.4,100,0,Normal_Operation
8562,L,298.1,308.9,1351,52.4,102,0,Normal_Operation
8563,L,298.0,308.9,1500,36.7,104,0,Normal_Operation
8564,M,298.0,308.7,1614,30.7,106,0,Normal_Operation
8565,L,298.0,308.8,1489,36.5,109,0,Normal_Operation
8566,M,297.9,308.7,1751,26.6,111,0,Normal_Operation
8567,L,298.0,308.7,1511,45.8,114,0,Normal_Operation
8568,L,297.9,308.6,1691,29.6,116,0,Normal_Operation
8569,L,297.9,308.6,1757,27.5,118,0,Normal_Operation
8570,H,297.9,308.7,1545,35.9,120,0,Normal_Operation
8571,L,297.9,308.6,2262,15.7,125,0,Normal_Operation
8572,M,297.7,308.5,1559,35.2,127,0,Normal_Operation
8573,L,297.6,308.4,1626,32.4,130,0,Normal_Operation
8574,L,297.6,308.3,1424,53.9,132,0,Normal_Operation
8575,M,297.6,308.3,1648,29.1,134,0,Normal_Operation
8576,L,297.6,308.3,1523,39.5,137,0,Normal_Operation
8577,L,297.6,308.3,1502,43.2,139,0,Normal_Operation
8578,L,297.5,308.2,1489,40.7,141,0,Normal_Operation
8579,M,297.4,308.1,1620,31.2,143,0,Normal_Operation
8580,L,297.5,308.1,1631,30.6,146,0,Normal_Operation
8581,M,297.5,308.0,1429,45.8,148,0,Normal_Operation
8582,M,297.5,308.1,1334,72.0,151,1,Power_Supply_Issue
8583,L,297.4,308.0,1423,38.0,154,0,Normal_Operation
8584,L,297.4,307.9,1390,47.7,156,0,Normal_Operation
8585,M,297.4,307.9,1338,48.5,158,0,Normal_Operation
8586,H,297.3,307.9,1461,37.5,161,0,Normal_Operation
8587,M,297.4,307.9,1627,34.3,166,0,Normal_Operation
8588,L,297.3,307.8,1385,44.4,169,0,Normal_Operation
8589,M,297.3,307.8,1538,48.0,171,0,Normal_Operation
8590,L,297.4,307.9,1557,35.5,174,0,Normal_Operation
8591,L,297.4,307.9,1606,33.4,176,0,Normal_Operation
8592,M,297.5,308.0,1430,44.5,178,0,Normal_Operation
8593,M,297.4,308.0,1601,34.6,181,0,Normal_Operation
8594,L,297.4,308.0,1356,51.9,184,0,Normal_Operation
8595,M,297.5,308.2,1624,30.9,186,0,Normal_Operation
8596,L,297.5,308.2,1327,56.5,189,0,Normal_Operation
8597,L,297.6,308.3,1410,47.0,191,0,Normal_Operation
8598,L,297.6,308.3,1478,42.3,193,0,Normal_Operation
8599,L,297.6,308.4,1460,40.3,195,0,Normal_Operation
8600,L,297.5,308.3,1435,40.3,197,0,Normal_Operation
8601,H,297.4,308.2,1359,46.9,199,0,Normal_Operation
8602,L,297.4,308.1,1729,31.7,204,0,Normal_Operation
8603,H,297.3,308.0,1384,49.1,206,0,Normal_Operation
8604,L,297.4,308.2,1297,52.1,211,0,Normal_Operation
8605,L,297.5,308.4,1633,33.3,213,0,Normal_Operation
8606,M,297.5,308.4,1505,37.2,215,0,Normal_Operation
8607,L,297.5,308.4,1433,50.0,218,0,Normal_Operation
8608,L,297.4,308.4,1369,50.6,220,1,Excessive_Load
8609,L,297.4,308.3,1475,40.5,222,1,Tool_Degradation
8610,L,297.4,308.3,1561,38.3,0,0,Normal_Operation
8611,L,297.4,308.3,1472,45.5,2,0,Normal_Operation
8612,L,297.5,308.4,1441,44.5,4,0,Normal_Operation
8613,M,297.5,308.5,1401,50.5,6,0,Normal_Operation
8614,L,297.5,308.5,1691,33.1,9,0,Normal_Operation
8615,L,297.6,308.6,1382,47.1,11,0,Normal_Operation
8616,L,297.6,308.6,1355,46.4,13,0,Normal_Operation
8617,L,297.6,308.6,1529,45.3,15,0,Normal_Operation
8618,L,297.7,308.7,1829,24.9,17,0,Normal_Operation
8619,H,297.6,308.6,1480,39.8,19,0,Normal_Operation
8620,L,297.6,308.5,1475,42.4,24,0,Normal_Operation
8621,M,297.6,308.5,1431,52.6,26,0,Normal_Operation
8622,L,297.5,308.3,1437,42.3,29,0,Normal_Operation
8623,M,297.5,308.3,1476,45.6,31,0,Normal_Operation
8624,H,297.5,308.4,1490,39.7,34,0,Normal_Operation
8625,L,297.4,308.3,1632,33.5,39,0,Normal_Operation
8626,L,297.4,308.2,1402,49.7,41,0,Normal_Operation
8627,L,297.4,308.3,1347,45.8,43,0,Normal_Operation
8628,L,297.5,308.4,1747,31.0,45,0,Normal_Operation
8629,H,297.5,308.5,1557,39.1,47,0,Normal_Operation
8630,L,297.4,308.4,1371,57.4,52,0,Normal_Operation
8631,H,297.3,308.3,1506,37.0,54,0,Normal_Operation
8632,L,297.3,308.3,1590,35.5,59,0,Normal_Operation
8633,L,297.4,308.3,1336,53.7,61,0,Normal_Operation
8634,L,297.3,308.3,1411,43.2,63,0,Normal_Operation
8635,L,297.4,308.3,1704,27.3,65,0,Normal_Operation
8636,L,297.5,308.4,1723,27.3,67,0,Normal_Operation
8637,L,297.5,308.5,1459,39.7,69,0,Normal_Operation
8638,L,297.6,308.5,1572,35.9,71,0,Normal_Operation
8639,L,297.5,308.4,1384,56.0,73,0,Normal_Operation
8640,L,297.6,308.6,1383,47.5,75,0,Normal_Operation
8641,M,297.6,308.5,1360,48.6,77,0,Normal_Operation
8642,M,297.5,308.4,1596,36.6,80,0,Normal_Operation
8643,L,297.5,308.5,1448,54.3,83,0,Normal_Operation
8644,M,297.6,308.5,1443,38.2,85,0,Normal_Operation
8645,M,297.6,308.6,1492,35.5,88,0,Normal_Operation
8646,L,297.5,308.6,1497,43.9,91,0,Normal_Operation
8647,L,297.5,308.5,1530,38.5,93,0,Normal_Operation
8648,M,297.4,308.4,1478,46.2,95,0,Normal_Operation
8649,L,297.4,308.4,1328,61.8,98,0,Normal_Operation
8650,H,297.4,308.3,1771,27.4,100,0,Normal_Operation
8651,M,297.4,308.4,1564,35.0,105,0,Normal_Operation
8652,H,297.3,308.3,1461,41.5,108,0,Normal_Operation
8653,M,297.4,308.3,1335,57.9,113,0,Normal_Operation
8654,M,297.4,308.4,1441,46.8,116,0,Normal_Operation
8655,L,297.3,308.3,1268,60.6,119,0,Normal_Operation
8656,M,297.3,308.3,1697,27.4,121,0,Normal_Operation
8657,L,297.4,308.4,1421,46.0,124,0,Normal_Operation
8658,L,297.4,308.5,1496,36.4,126,0,Normal_Operation
8659,L,297.5,308.5,1375,55.6,128,0,Normal_Operation
8660,L,297.4,308.5,1295,52.1,130,0,Normal_Operation
8661,L,297.4,308.5,1643,33.8,132,0,Normal_Operation
8662,L,297.5,308.6,1514,36.9,134,0,Normal_Operation
8663,L,297.5,308.6,1671,29.4,136,0,Normal_Operation
8664,H,297.5,308.6,1355,58.9,138,0,Normal_Operation
8665,L,297.6,308.7,1365,50.6,143,0,Normal_Operation
8666,L,297.5,308.7,1407,42.5,145,0,Normal_Operation
8667,M,297.5,308.8,1455,46.1,147,0,Normal_Operation
8668,L,297.5,308.8,1502,45.9,150,0,Normal_Operation
8669,M,297.5,308.8,1471,52.3,152,0,Normal_Operation
8670,L,297.5,308.9,1581,30.4,155,0,Normal_Operation
8671,L,297.5,308.8,1530,37.8,157,0,Normal_Operation
8672,L,297.5,308.8,1312,50.3,159,0,Normal_Operation
8673,L,297.4,308.6,1494,42.6,161,0,Normal_Operation
8674,M,297.4,308.6,1528,29.1,163,0,Normal_Operation
8675,H,297.3,308.6,1688,29.4,166,0,Normal_Operation
8676,M,297.3,308.5,1520,42.4,171,0,Normal_Operation
8677,M,297.3,308.5,1664,28.9,174,0,Normal_Operation
8678,L,297.3,308.5,1514,44.5,177,0,Normal_Operation
8679,L,297.3,308.5,1456,54.2,179,0,Normal_Operation
8680,L,297.2,308.5,1494,39.6,181,0,Normal_Operation
8681,L,297.2,308.4,1605,30.0,183,0,Normal_Operation
8682,M,297.2,308.5,1353,46.5,185,0,Normal_Operation
8683,L,297.2,308.5,1447,47.9,188,0,Normal_Operation
8684,L,297.2,308.5,1588,40.4,190,0,Normal_Operation
8685,H,297.2,308.5,1524,41.4,192,0,Normal_Operation
8686,M,297.2,308.5,1611,31.6,197,0,Normal_Operation
8687,M,297.2,308.5,1604,34.9,200,0,Normal_Operation
8688,L,297.1,308.5,1483,46.9,203,0,Normal_Operation
8689,L,297.1,308.4,1543,39.6,205,0,Normal_Operation
8690,L,297.1,308.5,1323,44.4,207,1,Tool_Degradation
8691,L,297.1,308.5,1555,36.2,0,0,Normal_Operation
8692,L,297.1,308.4,1583,31.9,2,0,Normal_Operation
8693,M,297.2,308.5,1584,40.0,4,0,Normal_Operation
8694,L,297.2,308.5,1766,25.8,7,0,Normal_Operation
8695,M,297.2,308.6,1498,44.4,9,0,Normal_Operation
8696,L,297.2,308.6,1413,49.8,12,0,Normal_Operation
8697,L,297.3,308.6,1505,33.5,14,0,Normal_Operation
8698,H,297.3,308.7,1438,46.2,16,0,Normal_Operation
8699,M,297.3,308.7,1655,34.1,21,0,Normal_Operation
8700,M,297.3,308.7,1451,43.8,24,0,Normal_Operation
8701,M,297.3,308.7,1466,38.4,27,0,Normal_Operation
8702,L,297.2,308.6,1774,23.0,30,0,Normal_Operation
8703,M,297.2,308.6,1284,51.3,32,0,Normal_Operation
8704,L,297.1,308.5,1425,40.0,35,0,Normal_Operation
8705,L,297.2,308.6,1437,52.4,37,0,Normal_Operation
8706,L,297.2,308.6,1335,53.0,39,0,Normal_Operation
8707,L,297.2,308.5,1471,41.7,41,0,Normal_Operation
8708,M,297.2,308.5,1364,54.0,43,0,Normal_Operation
8709,L,297.1,308.5,1578,35.6,46,0,Normal_Operation
8710,L,297.1,308.5,1712,32.1,48,0,Normal_Operation
8711,L,297.1,308.5,1733,28.7,50,0,Normal_Operation
8712,L,297.2,308.6,1652,32.1,52,0,Normal_Operation
8713,L,297.2,308.6,1917,24.1,54,0,Normal_Operation
8714,M,297.2,308.6,1444,41.1,56,0,Normal_Operation
8715,L,297.1,308.6,1442,37.1,59,0,Normal_Operation
8716,M,297.1,308.6,1717,31.3,61,0,Normal_Operation
8717,L,297.1,308.7,1474,42.3,64,0,Normal_Operation
8718,L,297.2,308.7,1509,39.3,66,0,Normal_Operation
8719,L,297.2,308.8,1451,43.1,68,0,Normal_Operation
8720,L,297.3,308.8,1554,36.1,70,0,Normal_Operation
8721,L,297.2,308.7,1669,30.7,72,0,Normal_Operation
8722,L,297.2,308.6,1366,50.4,74,0,Normal_Operation
8723,L,297.2,308.6,1578,34.4,76,0,Normal_Operation
8724,M,297.2,308.6,1513,39.0,78,0,Normal_Operation
8725,M,297.1,308.5,1515,42.1,81,0,Normal_Operation
8726,L,297.2,308.6,1562,33.0,84,0,Normal_Operation
8727,L,297.2,308.7,1501,38.5,86,0,Normal_Operation
8728,M,297.2,308.7,1398,38.1,88,0,Normal_Operation
8729,L,297.3,308.7,1352,53.8,91,0,Normal_Operation
8730,H,297.3,308.7,1569,33.9,93,0,Normal_Operation
8731,H,297.2,308.6,1486,46.6,98,0,Normal_Operation
8732,L,297.2,308.6,1864,23.6,103,0,Normal_Operation
8733,M,297.3,308.7,1447,44.5,105,0,Normal_Operation
8734,L,297.2,308.6,1392,41.5,108,0,Normal_Operation
8735,L,297.3,308.6,1358,47.6,110,0,Normal_Operation
8736,L,297.3,308.7,1491,40.2,112,0,Normal_Operation
8737,L,297.3,308.7,1556,36.7,114,0,Normal_Operation
8738,L,297.3,308.7,1531,36.7,116,0,Normal_Operation
8739,H,297.4,308.7,1429,37.6,118,0,Normal_Operation
8740,M,297.4,308.8,1573,33.9,123,0,Normal_Operation
8741,L,297.4,308.8,1538,41.2,126,0,Normal_Operation
8742,L,297.4,308.8,1467,39.0,128,0,Normal_Operation
8743,H,297.4,308.7,1323,51.1,130,0,Normal_Operation
8744,M,297.4,308.7,1798,23.0,135,0,Normal_Operation
8745,L,297.4,308.6,1411,46.3,138,0,Normal_Operation
8746,L,297.3,308.5,1528,44.5,140,0,Normal_Operation
8747,L,297.3,308.5,1504,42.0,142,0,Normal_Operation
8748,L,297.3,308.5,1384,39.6,144,0,Normal_Operation
8749,L,297.2,308.4,1677,26.4,146,0,Normal_Operation
8750,L,297.3,308.5,1764,30.8,148,0,Normal_Operation
8751,M,297.4,308.5,1472,42.0,150,0,Normal_Operation
8752,M,297.4,308.5,1465,55.9,153,0,Normal_Operation
8753,M,297.4,308.6,1657,33.1,156,0,Normal_Operation
8754,L,297.4,308.6,1635,30.5,159,0,Normal_Operation
8755,M,297.4,308.7,1582,31.9,161,0,Normal_Operation
8756,L,297.5,308.7,1761,26.2,164,0,Normal_Operation
8757,L,297.5,308.8,1587,34.9,166,0,Normal_Operation
8758,M,297.5,308.7,1446,53.0,168,0,Normal_Operation
8759,M,297.5,308.7,1352,53.0,171,0,Normal_Operation
8760,M,297.4,308.7,1392,46.4,174,0,Normal_Operation
8761,L,297.5,308.8,1417,49.8,177,0,Normal_Operation
8762,H,297.5,308.8,1824,24.0,179,0,Normal_Operation
8763,L,297.5,308.8,1603,36.7,184,0,Normal_Operation
8764,L,297.4,308.8,1620,33.4,186,0,Normal_Operation
8765,L,297.4,308.8,1353,49.4,188,0,Normal_Operation
8766,L,297.5,308.8,1360,50.7,190,0,Normal_Operation
8767,L,297.5,308.6,1380,53.5,192,0,Normal_Operation
8768,M,297.5,308.7,1363,53.6,194,0,Normal_Operation
8769,M,297.4,308.6,1452,41.2,197,0,Normal_Operation
8770,L,297.4,308.6,1680,32.8,200,0,Normal_Operation
8771,L,297.5,308.6,1536,39.0,202,0,Normal_Operation
8772,L,297.5,308.6,1621,28.9,0,0,Normal_Operation
8773,L,297.5,308.6,1585,37.6,2,0,Normal_Operation
8774,M,297.6,308.7,1408,51.5,4,0,Normal_Operation
8775,H,297.5,308.6,1536,38.7,7,0,Normal_Operation
8776,L,297.5,308.6,1352,52.6,12,0,Normal_Operation
8777,H,297.5,308.6,1481,38.8,14,0,Normal_Operation
8778,L,297.5,308.7,1454,45.0,19,0,Normal_Operation
8779,M,297.5,308.6,1349,51.5,21,0,Normal_Operation
8780,M,297.5,308.6,1327,52.1,24,0,Normal_Operation
8781,L,297.6,308.7,1552,42.3,27,0,Normal_Operation
8782,L,297.5,308.7,1456,44.7,29,0,Normal_Operation
8783,M,297.6,308.6,1254,45.8,31,0,Normal_Operation
8784,L,297.5,308.6,1437,43.3,34,0,Normal_Operation
8785,L,297.5,308.6,1694,27.1,36,0,Normal_Operation
8786,L,297.5,308.5,1306,50.7,38,0,Normal_Operation
8787,M,297.5,308.5,1699,30.1,40,0,Normal_Operation
8788,L,297.4,308.5,1369,53.2,43,0,Normal_Operation
8789,L,297.4,308.5,1471,43.9,45,0,Normal_Operation
8790,L,297.4,308.5,1410,43.9,47,0,Normal_Operation
8791,M,297.4,308.5,1412,45.5,49,0,Normal_Operation
8792,L,297.4,308.5,1418,51.2,52,0,Normal_Operation
8793,L,297.4,308.5,1782,25.9,54,0,Normal_Operation
8794,M,297.4,308.5,1497,36.4,56,0,Normal_Operation
8795,L,297.3,308.4,1459,39.4,59,0,Normal_Operation
8796,L,297.2,308.3,1796,23.8,61,0,Normal_Operation
8797,L,297.2,308.3,1569,31.2,63,0,Normal_Operation
8798,L,297.3,308.4,1469,46.7,65,0,Normal_Operation
8799,L,297.3,308.4,1472,41.3,67,0,Normal_Operation
8800,L,297.4,308.5,1475,47.2,69,0,Normal_Operation
8801,L,297.4,308.6,1488,36.4,71,0,Normal_Operation
8802,L,297.4,308.6,1524,43.1,73,0,Normal_Operation
8803,L,297.4,308.5,1486,48.6,75,0,Normal_Operation
8804,M,297.5,308.6,1255,60.7,77,0,Normal_Operation
8805,M,297.4,308.6,1469,42.6,80,0,Normal_Operation
8806,L,297.4,308.5,1692,34.3,83,0,Normal_Operation
8807,M,297.4,308.6,1604,32.8,85,0,Normal_Operation
8808,L,297.4,308.6,1446,48.1,88,0,Normal_Operation
8809,L,297.3,308.5,1503,43.3,90,0,Normal_Operation
8810,M,297.3,308.5,1625,32.8,92,0,Normal_Operation
8811,L,297.2,308.5,1574,35.8,95,0,Normal_Operation
8812,M,297.2,308.4,1378,41.9,97,0,Normal_Operation
8813,L,297.1,308.4,1693,29.5,100,0,Normal_Operation
8814,L,297.2,308.4,1462,51.2,102,0,Normal_Operation
8815,H,297.3,308.5,1435,55.0,104,0,Normal_Operation
8816,M,297.2,308.5,1425,45.8,109,0,Normal_Operation
8817,H,297.3,308.6,1376,53.5,112,0,Normal_Operation
8818,M,297.4,308.7,1481,48.0,117,0,Normal_Operation
8819,H,297.4,308.7,1349,48.9,120,0,Normal_Operation
8820,L,297.3,308.7,1551,40.0,125,0,Normal_Operation
8821,H,297.4,308.7,1623,33.8,127,0,Normal_Operation
8822,L,297.4,308.8,1462,49.7,132,0,Normal_Operation
8823,M,297.3,308.8,1447,57.4,134,0,Normal_Operation
8824,M,297.3,308.9,1799,24.5,137,0,Normal_Operation
8825,M,297.3,308.8,1548,41.3,140,0,Normal_Operation
8826,M,297.2,308.8,1485,47.9,143,0,Normal_Operation
8827,L,297.2,308.7,1463,49.9,146,0,Normal_Operation
8828,L,297.3,308.7,1587,35.8,148,0,Normal_Operation
8829,M,297.3,308.8,1469,44.1,150,0,Normal_Operation
8830,H,297.3,308.7,1430,42.8,153,0,Normal_Operation
8831,H,297.4,308.7,1726,26.8,158,0,Normal_Operation
8832,L,297.4,308.8,1651,34.1,163,0,Normal_Operation
8833,L,297.4,308.8,1529,41.3,165,0,Normal_Operation
8834,L,297.4,308.8,1473,46.2,167,0,Normal_Operation
8835,H,297.4,308.8,1324,53.5,169,0,Normal_Operation
8836,L,297.4,308.9,1708,28.8,174,0,Normal_Operation
8837,M,297.5,309.1,1540,38.5,176,0,Normal_Operation
8838,L,297.5,309.0,1320,54.7,179,0,Normal_Operation
8839,M,297.4,308.9,1376,39.0,181,0,Normal_Operation
8840,M,297.3,308.7,1542,37.0,184,0,Normal_Operation
8841,L,297.3,308.7,1506,39.3,187,0,Normal_Operation
8842,L,297.3,308.7,1492,43.6,189,0,Normal_Operation
8843,H,297.3,308.8,1564,38.0,191,0,Normal_Operation
8844,H,297.4,308.9,1645,30.8,196,0,Normal_Operation
8845,M,297.4,308.9,1348,59.1,201,0,Normal_Operation
8846,M,297.4,308.8,1325,62.4,204,1,Tool_Degradation
8847,L,297.5,308.9,1443,43.5,0,0,Normal_Operation
8848,M,297.5,308.9,1436,44.8,2,0,Normal_Operation
8849,L,297.5,308.9,1596,30.7,5,0,Normal_Operation
8850,L,297.6,309.0,1491,43.2,7,0,Normal_Operation
8851,M,297.7,308.9,1573,35.1,9,0,Normal_Operation
8852,L,297.7,308.9,1575,39.9,12,0,Normal_Operation
8853,L,297.7,308.9,1458,41.1,14,0,Normal_Operation
8854,M,297.7,309.0,1433,41.8,16,0,Normal_Operation
8855,L,297.7,308.9,1662,28.1,19,0,Normal_Operation
8856,M,297.7,308.9,1327,63.7,21,0,Normal_Operation
8857,L,297.7,308.9,1742,26.3,24,0,Normal_Operation
8858,L,297.8,308.9,1506,33.5,26,0,Normal_Operation
8859,L,297.9,309.1,1457,44.4,28,0,Normal_Operation
8860,M,297.9,309.1,1488,37.3,30,0,Normal_Operation
8861,L,297.9,309.1,1619,34.7,33,0,Normal_Operation
8862,M,298.0,309.2,1558,41.7,35,0,Normal_Operation
8863,L,298.0,309.2,1731,28.7,38,0,Normal_Operation
8864,M,298.0,309.1,1574,34.8,40,0,Normal_Operation
8865,L,297.9,309.0,1290,49.8,43,0,Normal_Operation
8866,H,297.9,308.9,1416,39.6,45,0,Normal_Operation
8867,L,297.9,308.9,1566,41.9,50,0,Normal_Operation
8868,L,297.9,309.0,1456,46.5,52,0,Normal_Operation
8869,L,297.9,309.0,1528,37.5,54,0,Normal_Operation
8870,M,297.9,309.1,1338,49.6,56,0,Normal_Operation
8871,M,297.9,309.1,1558,39.2,59,0,Normal_Operation
8872,M,297.9,309.1,1614,38.1,62,0,Normal_Operation
8873,H,298.0,309.1,1557,36.4,65,0,Normal_Operation
8874,L,298.1,309.3,1443,45.3,70,0,Normal_Operation
8875,H,298.1,309.3,1332,51.0,72,0,Normal_Operation
8876,M,298.1,309.3,1752,25.2,77,0,Normal_Operation
8877,M,298.1,309.2,1460,45.8,80,0,Normal_Operation
8878,L,298.1,309.2,1802,26.9,83,0,Normal_Operation
8879,L,298.0,309.2,1527,39.5,85,0,Normal_Operation
8880,L,298.0,309.2,1458,39.8,87,0,Normal_Operation
8881,H,298.0,309.2,1520,37.9,89,0,Normal_Operation
8882,L,298.0,309.2,1378,49.7,94,0,Normal_Operation
8883,M,297.9,309.2,1529,38.1,96,0,Normal_Operation
8884,L,298.0,309.2,1527,32.4,99,0,Normal_Operation
8885,M,298.0,309.2,1438,42.9,101,0,Normal_Operation
8886,L,297.9,309.0,1583,36.7,104,0,Normal_Operation
8887,L,297.8,308.9,1530,37.6,106,0,Normal_Operation
8888,M,297.7,308.9,1530,39.1,108,0,Normal_Operation
8889,M,297.7,308.8,2089,19.1,111,0,Normal_Operation
8890,L,297.7,308.8,1616,34.2,114,0,Normal_Operation
8891,M,297.7,308.9,1681,28.3,116,0,Normal_Operation
8892,L,297.6,308.8,1475,43.0,119,0,Normal_Operation
8893,L,297.5,308.7,1371,46.5,121,0,Normal_Operation
8894,M,297.5,308.7,1546,38.0,123,0,Normal_Operation
8895,H,297.4,308.6,1461,40.1,126,0,Normal_Operation
8896,L,297.4,308.7,1638,31.9,131,0,Normal_Operation
8897,M,297.3,308.7,1577,35.6,133,0,Normal_Operation
8898,L,297.4,308.6,1532,38.7,136,0,Normal_Operation
8899,M,297.3,308.5,1710,27.7,138,0,Normal_Operation
8900,M,297.3,308.6,1584,29.4,141,0,Normal_Operation
8901,L,297.3,308.6,1446,50.1,144,0,Normal_Operation
8902,H,297.4,308.7,1522,46.3,146,0,Normal_Operation
8903,M,297.4,308.7,1382,49.9,151,0,Normal_Operation
8904,L,297.4,308.7,1584,38.2,154,0,Normal_Operation
8905,L,297.3,308.6,1385,55.2,156,0,Normal_Operation
8906,L,297.3,308.7,1592,34.4,158,0,Normal_Operation
8907,M,297.2,308.6,1404,43.7,160,0,Normal_Operation
8908,L,297.2,308.5,1518,44.3,163,0,Normal_Operation
8909,L,297.1,308.4,1529,40.4,165,0,Normal_Operation
8910,L,297.1,308.4,1550,37.0,167,0,Normal_Operation
8911,L,297.1,308.3,1773,23.8,169,0,Normal_Operation
8912,L,297.2,308.5,1446,43.7,171,0,Normal_Operation
8913,M,297.2,308.5,1487,46.9,173,0,Normal_Operation
8914,M,297.3,308.5,1524,49.3,176,0,Normal_Operation
8915,L,297.1,308.3,1403,54.1,179,0,Normal_Operation
8916,L,297.1,308.2,2267,15.7,181,0,Normal_Operation
8917,M,297.1,308.2,1529,37.9,183,0,Normal_Operation
8918,L,297.1,308.2,1402,51.2,186,0,Normal_Operation
8919,L,297.2,308.3,1693,28.0,188,0,Normal_Operation
8920,L,297.1,308.3,1496,45.8,190,0,Normal_Operation
8921,L,297.1,308.1,1633,33.3,192,0,Normal_Operation
8922,L,297.1,308.2,1399,42.6,194,0,Normal_Operation
8923,M,297.0,308.1,1363,45.3,196,0,Normal_Operation
8924,H,297.1,308.2,1527,42.2,199,0,Normal_Operation
8925,M,297.2,308.2,1405,42.5,204,0,Normal_Operation
8926,M,297.3,308.3,1459,59.6,207,1,Power_Supply_Issue
8927,M,297.4,308.4,1789,25.0,210,0,Normal_Operation
8928,L,297.4,308.4,1531,41.5,213,0,Normal_Operation
8929,M,297.4,308.4,1620,35.8,215,0,Normal_Operation
8930,L,297.4,308.4,1571,39.4,0,0,Normal_Operation
8931,L,297.4,308.4,1434,39.9,2,0,Normal_Operation
8932,L,297.4,308.4,1474,43.6,4,0,Normal_Operation
8933,M,297.3,308.3,1544,41.7,6,0,Normal_Operation
8934,L,297.3,308.2,1601,35.7,9,0,Normal_Operation
8935,L,297.4,308.3,1801,26.9,11,0,Normal_Operation
8936,L,297.4,308.3,1465,42.0,13,0,Normal_Operation
8937,M,297.4,308.4,1340,52.6,15,0,Normal_Operation
8938,M,297.4,308.4,1517,41.0,18,0,Normal_Operation
8939,M,297.3,308.4,1434,44.8,21,0,Normal_Operation
8940,H,297.3,308.3,1935,19.3,24,0,Normal_Operation
8941,M,297.3,308.3,1595,32.2,29,0,Normal_Operation
8942,L,297.3,308.3,2188,17.0,32,0,Normal_Operation
8943,M,297.3,308.4,1449,44.4,34,0,Normal_Operation
8944,L,297.3,308.3,1471,38.2,37,0,Normal_Operation
8945,L,297.4,308.2,1639,33.8,39,0,Normal_Operation
8946,M,297.3,308.2,1846,24.5,41,0,Normal_Operation
8947,M,297.3,308.2,1452,38.2,44,0,Normal_Operation
8948,M,297.4,308.3,1483,41.9,47,0,Normal_Operation
8949,L,297.4,308.3,1284,60.3,50,0,Normal_Operation
8950,L,297.4,308.2,1419,50.0,52,0,Normal_Operation
8951,L,297.3,308.1,1763,28.4,54,0,Normal_Operation
8952,M,297.2,308.0,1478,42.5,56,0,Normal_Operation
8953,L,297.3,308.0,1518,36.0,59,0,Normal_Operation
8954,L,297.3,308.0,1447,49.0,61,0,Normal_Operation
8955,M,297.4,308.0,1355,55.1,63,0,Normal_Operation
8956,L,297.4,308.1,1348,57.4,66,0,Normal_Operation
8957,L,297.4,308.1,1348,53.7,68,0,Normal_Operation
8958,M,297.4,308.1,1734,27.7,70,0,Normal_Operation
8959,L,297.3,308.0,1420,46.5,73,0,Normal_Operation
8960,L,297.3,307.9,1797,24.7,75,0,Normal_Operation
8961,M,297.3,308.0,1403,45.0,77,0,Normal_Operation
8962,L,297.3,307.9,1628,30.2,80,0,Normal_Operation
8963,M,297.2,307.9,1687,30.4,82,0,Normal_Operation
8964,M,297.2,307.9,1456,44.9,85,0,Normal_Operation
8965,L,297.1,307.9,1496,44.7,88,0,Normal_Operation
8966,L,297.1,307.8,1636,30.3,90,0,Normal_Operation
8967,L,297.1,307.8,1536,40.4,92,0,Normal_Operation
8968,L,297.1,307.8,1454,50.6,94,0,Normal_Operation
8969,L,297.0,307.8,1396,50.0,96,0,Normal_Operation
8970,L,297.0,307.6,1575,37.4,98,0,Normal_Operation
8971,L,296.9,307.6,1514,35.7,100,0,Normal_Operation
8972,M,296.8,307.4,1455,49.9,102,0,Normal_Operation
8973,L,296.8,307.4,1549,48.3,105,0,Normal_Operation
8974,L,296.8,307.5,1474,42.4,107,0,Normal_Operation
8975,H,296.7,307.4,1661,34.2,109,0,Normal_Operation
8976,L,296.7,307.4,1535,34.6,114,0,Normal_Operation
8977,M,296.9,307.5,1556,31.2,116,0,Normal_Operation
8978,L,296.9,307.6,1435,45.0,119,0,Normal_Operation
8979,M,296.9,307.5,1332,51.1,121,0,Normal_Operation
8980,L,297.0,307.6,1513,42.4,124,0,Normal_Operation
8981,L,297.0,307.7,1502,39.4,126,0,Normal_Operation
8982,L,297.0,307.7,1315,60.1,128,0,Normal_Operation
8983,M,297.0,307.7,1261,51.1,130,0,Normal_Operation
8984,L,297.1,307.8,1406,60.4,133,0,Normal_Operation
8985,L,297.1,307.8,1584,42.3,135,0,Normal_Operation
8986,M,297.1,307.8,1443,43.9,137,0,Normal_Operation
8987,L,297.2,307.9,1580,35.8,140,0,Normal_Operation
8988,L,297.2,307.9,1825,24.6,142,0,Normal_Operation
8989,L,297.2,307.9,1469,48.2,144,0,Normal_Operation
8990,L,297.2,307.9,1493,38.4,146,0,Normal_Operation
8991,M,297.3,308.0,1598,29.4,148,0,Normal_Operation
8992,H,297.2,307.9,1450,37.2,151,0,Normal_Operation
8993,M,297.2,307.9,1632,37.5,156,0,Normal_Operation
8994,M,297.1,307.9,1980,20.3,159,0,Normal_Operation
8995,L,297.2,308.0,1474,43.7,162,0,Normal_Operation
8996,L,297.2,307.9,1540,37.1,164,0,Normal_Operation
8997,M,297.1,307.9,1609,38.9,166,0,Normal_Operation
8998,L,297.1,308.0,1467,42.8,169,0,Normal_Operation
8999,L,297.1,307.9,1492,39.4,171,0,Normal_Operation
9000,L,297.0,307.9,1493,46.1,173,0,Normal_Operation
9001,L,297.0,307.8,1500,39.9,175,0,Normal_Operation
9002,L,297.1,307.8,1477,36.6,177,0,Normal_Operation
9003,L,297.1,307.9,1342,49.1,179,0,Normal_Operation
9004,M,297.1,307.8,1538,34.3,181,0,Normal_Operation
9005,L,297.2,307.9,1337,58.1,184,0,Normal_Operation
9006,L,297.3,307.9,1417,41.8,186,0,Normal_Operation
9007,L,297.4,308.0,1383,46.2,188,0,Normal_Operation
9008,M,297.4,308.0,1440,42.4,190,0,Normal_Operation
9009,L,297.3,307.9,1579,34.4,193,0,Normal_Operation
9010,L,297.2,307.9,1441,40.0,195,0,Normal_Operation
9011,M,297.2,307.9,1530,35.9,197,0,Normal_Operation
9012,L,297.2,308.0,1705,26.0,200,0,Normal_Operation
9013,H,297.2,308.0,1435,43.0,202,0,Normal_Operation
9014,M,297.2,308.1,1340,61.3,207,1,Excessive_Load
9015,L,297.2,308.1,1431,49.7,210,1,Normal_Operation
9016,L,297.3,308.2,1396,52.7,212,1,Excessive_Load
9017,M,297.3,308.1,1369,52.0,214,0,Normal_Operation
9018,L,297.3,308.1,1615,35.4,217,1,Tool_Degradation
9019,L,297.2,308.1,1662,31.3,0,0,Normal_Operation
9020,L,297.3,308.2,1553,33.5,2,0,Normal_Operation
9021,M,297.4,308.2,1536,34.6,4,0,Normal_Operation
9022,L,297.4,308.3,1548,46.6,7,0,Normal_Operation
9023,L,297.4,308.3,1706,30.9,9,0,Normal_Operation
9024,L,297.4,308.3,1366,45.5,11,0,Normal_Operation
9025,L,297.5,308.4,1440,35.9,13,0,Normal_Operation
9026,M,297.5,308.4,1685,28.1,15,0,Normal_Operation
9027,M,297.4,308.3,1444,44.0,18,0,Normal_Operation
9028,L,297.4,308.3,1395,48.7,21,0,Normal_Operation
9029,L,297.4,308.3,1483,38.8,23,0,Normal_Operation
9030,M,297.5,308.4,1403,44.3,25,0,Normal_Operation
9031,H,297.5,308.4,1793,23.9,28,0,Normal_Operation
9032,L,297.4,308.3,1723,28.8,33,0,Normal_Operation
9033,L,297.4,308.2,1386,41.0,35,0,Normal_Operation
9034,H,297.4,308.2,1585,46.2,37,0,Normal_Operation
9035,M,297.3,308.1,1731,27.7,42,0,Normal_Operation
9036,L,297.3,308.3,1519,37.7,45,0,Normal_Operation
9037,L,297.3,308.2,1896,24.4,47,0,Normal_Operation
9038,L,297.3,308.3,2358,14.9,49,0,Normal_Operation
9039,M,297.3,308.3,1341,51.9,51,0,Normal_Operation
9040,L,297.3,308.3,1550,37.0,54,0,Normal_Operation
9041,L,297.3,308.3,1309,61.5,56,0,Normal_Operation
9042,M,297.3,308.4,1599,32.9,58,0,Normal_Operation
9043,L,297.4,308.4,1343,40.0,61,0,Normal_Operation
9044,L,297.4,308.4,1378,39.9,63,0,Normal_Operation
9045,L,297.4,308.4,1603,34.6,65,0,Normal_Operation
9046,L,297.4,308.4,1664,28.1,67,0,Normal_Operation
9047,L,297.3,308.4,1488,37.4,69,0,Normal_Operation
9048,M,297.3,308.4,1370,50.5,71,0,Normal_Operation
9049,L,297.3,308.5,1545,34.3,74,0,Normal_Operation
9050,M,297.4,308.5,1566,31.4,76,0,Normal_Operation
9051,L,297.4,308.6,1820,24.6,79,0,Normal_Operation
9052,M,297.4,308.6,1901,22.1,81,0,Normal_Operation
9053,M,297.4,308.5,1638,32.2,84,0,Normal_Operation
9054,M,297.3,308.4,1521,38.2,87,0,Normal_Operation
9055,H,297.3,308.4,1864,23.1,90,0,Normal_Operation
9056,L,297.3,308.3,1430,41.9,95,0,Normal_Operation
9057,M,297.3,308.4,1686,34.5,97,0,Normal_Operation
9058,M,297.2,308.3,1326,57.2,100,0,Normal_Operation
9059,L,297.2,308.3,1805,25.6,103,0,Normal_Operation
9060,H,297.2,308.3,1453,45.8,105,0,Normal_Operation
9061,M,297.2,308.4,1863,26.0,110,0,Normal_Operation
9062,L,297.2,308.3,1576,35.3,113,0,Normal_Operation
9063,L,297.2,308.3,1419,39.7,115,0,Normal_Operation
9064,L,297.2,308.4,1833,25.2,117,0,Normal_Operation
9065,H,297.2,308.4,2182,17.3,119,0,Normal_Operation
9066,L,297.2,308.3,1656,30.3,124,0,Normal_Operation
9067,L,297.1,308.2,1351,56.6,126,0,Normal_Operation
9068,H,297.1,308.2,1790,30.3,128,0,Normal_Operation
9069,M,297.2,308.2,1678,28.1,133,0,Normal_Operation
9070,L,297.1,308.2,1427,45.2,136,0,Normal_Operation
9071,L,297.0,308.1,1429,54.0,138,0,Normal_Operation
9072,H,297.2,308.1,1770,27.2,140,0,Normal_Operation
9073,L,297.2,308.1,1689,31.2,145,0,Normal_Operation
9074,M,297.2,308.1,1554,41.3,147,0,Normal_Operation
9075,L,297.3,308.1,1506,36.0,150,0,Normal_Operation
9076,L,297.2,308.1,1474,44.3,152,0,Normal_Operation
9077,L,297.3,308.1,1762,26.1,154,0,Normal_Operation
9078,L,297.3,308.1,1566,35.7,156,0,Normal_Operation
9079,H,297.3,308.1,1554,42.4,158,0,Normal_Operation
9080,L,297.2,308.0,1869,25.4,163,0,Normal_Operation
9081,L,297.3,308.0,1527,35.1,165,0,Normal_Operation
9082,L,297.2,307.9,1309,49.6,167,0,Normal_Operation
9083,M,297.2,307.9,1541,35.7,169,0,Normal_Operation
9084,L,297.2,307.9,1326,75.4,172,1,Power_Supply_Issue
9085,H,297.1,307.9,1365,54.0,174,0,Normal_Operation
9086,L,297.1,307.8,1428,43.7,179,0,Normal_Operation
9087,L,297.1,307.8,1681,27.6,181,0,Normal_Operation
9088,M,297.1,307.9,1662,26.9,183,0,Normal_Operation
9089,L,297.2,307.9,1989,20.3,186,0,Normal_Operation
9090,M,297.2,307.9,1747,29.0,188,0,Normal_Operation
9091,M,297.2,308.0,1765,31.1,191,0,Normal_Operation
9092,L,297.3,308.1,1568,34.4,194,0,Normal_Operation
9093,M,297.3,308.1,1709,30.6,196,0,Normal_Operation
9094,M,297.3,308.1,1370,58.8,199,0,Normal_Operation
9095,L,297.3,308.1,1458,45.7,202,0,Normal_Operation
9096,L,297.2,308.1,1712,30.9,204,0,Normal_Operation
9097,L,297.3,308.1,1642,36.9,206,0,Normal_Operation
9098,L,297.3,308.1,1468,49.8,0,0,Normal_Operation
9099,H,297.3,308.1,1477,52.3,2,0,Normal_Operation
9100,L,297.3,308.2,1446,53.5,7,0,Normal_Operation
9101,H,297.3,308.2,1653,31.4,9,0,Normal_Operation
9102,L,297.3,308.3,1494,38.2,14,0,Normal_Operation
9103,L,297.3,308.2,1490,41.0,16,0,Normal_Operation
9104,M,297.4,308.3,1550,47.8,18,0,Normal_Operation
9105,M,297.3,308.2,1677,34.9,21,0,Normal_Operation
9106,L,297.4,308.3,1854,21.8,24,0,Normal_Operation
9107,M,297.5,308.5,1662,30.3,26,0,Normal_Operation
9108,M,297.5,308.6,1440,38.8,29,0,Normal_Operation
9109,L,297.5,308.6,1513,39.7,32,0,Normal_Operation
9110,M,297.6,308.6,1389,49.0,34,0,Normal_Operation
9111,L,297.6,308.6,1351,51.0,37,0,Normal_Operation
9112,M,297.6,308.6,1482,38.3,39,0,Normal_Operation
9113,L,297.6,308.6,1744,28.5,42,0,Normal_Operation
9114,L,297.6,308.7,1476,39.0,44,0,Normal_Operation
9115,M,297.6,308.6,1444,48.2,46,0,Normal_Operation
9116,H,297.6,308.7,1659,32.1,49,0,Normal_Operation
9117,M,297.6,308.7,1475,46.6,54,0,Normal_Operation
9118,L,297.6,308.6,1526,42.1,57,0,Normal_Operation
9119,M,297.4,308.4,1675,29.5,59,0,Normal_Operation
9120,L,297.4,308.4,1525,38.7,62,0,Normal_Operation
9121,L,297.3,308.3,1396,45.9,64,0,Normal_Operation
9122,L,297.4,308.4,1580,41.2,66,0,Normal_Operation
9123,L,297.4,308.5,1462,42.8,68,0,Normal_Operation
9124,L,297.4,308.4,1426,50.4,70,0,Normal_Operation
9125,L,297.4,308.5,1569,34.2,72,0,Normal_Operation
9126,L,297.4,308.5,1477,40.7,74,0,Normal_Operation
9127,L,297.4,308.5,1761,27.2,76,0,Normal_Operation
9128,M,297.5,308.6,1486,45.9,78,0,Normal_Operation
9129,L,297.6,308.6,1664,30.1,81,0,Normal_Operation
9130,L,297.6,308.6,1576,32.7,83,0,Normal_Operation
9131,H,297.6,308.6,1463,46.7,85,0,Normal_Operation
9132,M,297.6,308.6,1585,42.0,90,0,Normal_Operation
9133,L,297.7,308.7,1479,45.7,93,0,Normal_Operation
9134,L,297.7,308.7,1449,40.2,95,0,Normal_Operation
9135,H,297.7,308.8,1404,50.3,97,0,Normal_Operation
9136,L,297.7,308.7,1694,29.1,102,0,Normal_Operation
9137,L,297.7,308.7,1731,28.4,104,0,Normal_Operation
9138,L,297.6,308.6,1522,37.0,106,0,Normal_Operation
9139,L,297.5,308.5,1536,36.9,108,0,Normal_Operation
9140,L,297.5,308.5,1373,39.9,110,0,Normal_Operation
9141,L,297.5,308.5,1597,36.4,112,0,Normal_Operation
9142,L,297.6,308.5,1678,34.2,114,0,Normal_Operation
9143,L,297.6,308.5,1452,42.6,116,0,Normal_Operation
9144,M,297.5,308.5,1447,41.6,118,0,Normal_Operation
9145,L,297.6,308.5,1574,37.1,121,0,Normal_Operation
9146,L,297.6,308.6,1528,40.0,123,0,Normal_Operation
9147,L,297.7,308.7,1688,27.2,125,0,Normal_Operation
9148,L,297.6,308.6,1393,40.4,127,0,Normal_Operation
9149,M,297.5,308.6,1429,50.5,129,0,Normal_Operation
9150,M,297.5,308.6,1347,57.0,132,0,Normal_Operation
9151,L,297.6,308.6,1553,40.5,135,0,Normal_Operation
9152,L,297.5,308.6,1260,53.6,137,0,Normal_Operation
9153,L,297.5,308.6,1546,33.8,139,0,Normal_Operation
9154,L,297.5,308.6,1596,36.0,141,0,Normal_Operation
9155,L,297.5,308.5,1340,57.4,143,0,Normal_Operation
9156,M,297.5,308.4,1369,54.8,145,0,Normal_Operation
9157,L,297.5,308.5,1462,52.3,148,0,Normal_Operation
9158,H,297.4,308.4,1487,46.2,150,0,Normal_Operation
9159,M,297.5,308.6,1510,35.5,155,0,Normal_Operation
9160,H,297.5,308.5,1671,28.0,158,0,Normal_Operation
9161,M,297.5,308.5,1612,30.0,163,0,Normal_Operation
9162,M,297.6,308.6,1509,39.7,166,0,Normal_Operation
9163,L,297.6,308.6,1415,47.3,169,0,Normal_Operation
9164,L,297.6,308.6,2384,14.4,171,0,Normal_Operation
9165,L,297.6,308.6,1326,62.4,173,0,Normal_Operation
9166,M,297.6,308.6,1390,53.4,175,0,Normal_Operation
9167,M,297.6,308.7,1392,41.2,178,0,Normal_Operation
9168,H,297.6,308.8,1385,44.4,181,0,Normal_Operation
9169,L,297.7,308.8,1896,24.5,186,0,Normal_Operation
9170,L,297.7,308.7,1474,46.8,188,0,Normal_Operation
9171,M,297.7,308.8,1388,45.6,190,0,Normal_Operation
9172,L,297.7,308.9,1715,27.2,193,0,Normal_Operation
9173,H,297.8,308.9,1650,32.2,195,0,Normal_Operation
9174,L,297.8,308.9,1871,25.6,200,1,Tool_Degradation
9175,L,297.8,309.0,1403,64.2,0,1,Power_Supply_Issue
9176,L,297.8,308.9,1518,40.4,2,0,Normal_Operation
9177,L,297.9,309.1,1504,43.0,4,0,Normal_Operation
9178,L,297.8,309.0,1340,56.9,6,0,Normal_Operation
9179,H,297.9,309.1,1435,44.7,8,0,Normal_Operation
9180,L,297.9,309.1,1507,36.9,13,0,Normal_Operation
9181,L,297.9,309.1,1521,36.1,15,0,Normal_Operation
9182,M,297.8,309.0,1576,45.0,17,0,Normal_Operation
9183,L,297.9,309.1,1543,36.6,20,0,Normal_Operation
9184,L,298.0,309.2,1665,36.6,22,0,Normal_Operation
9185,L,297.9,309.1,1442,50.3,24,0,Normal_Operation
9186,L,297.9,309.0,1629,29.0,26,0,Normal_Operation
9187,L,297.9,309.0,1379,47.3,28,0,Normal_Operation
9188,L,297.9,309.0,1502,40.2,30,0,Normal_Operation
9189,L,297.9,309.1,1595,32.0,32,0,Normal_Operation
9190,M,298.0,309.0,1439,38.5,34,0,Normal_Operation
9191,M,297.9,309.0,1970,21.6,37,0,Normal_Operation
9192,L,297.9,309.0,1562,35.8,40,0,Normal_Operation
9193,M,297.9,309.0,1530,40.9,42,0,Normal_Operation
9194,L,297.9,308.9,1393,40.6,45,0,Normal_Operation
9195,L,297.9,309.0,1532,37.6,47,0,Normal_Operation
9196,L,298.0,308.9,1607,37.7,49,0,Normal_Operation
9197,M,297.9,308.8,1469,49.0,51,0,Normal_Operation
9198,M,297.9,308.8,1538,37.6,54,0,Normal_Operation
9199,L,297.9,308.8,1613,31.4,57,0,Normal_Operation
9200,M,297.9,308.8,1602,32.1,59,0,Normal_Operation
9201,L,297.8,308.7,1404,44.2,62,0,Normal_Operation
9202,L,297.8,308.8,1548,36.9,64,0,Normal_Operation
9203,L,297.8,308.8,1559,35.2,66,0,Normal_Operation
9204,L,297.8,308.8,1621,36.1,68,0,Normal_Operation
9205,L,297.8,308.8,1579,32.9,70,0,Normal_Operation
9206,M,297.9,308.9,1547,44.0,72,0,Normal_Operation
9207,L,297.9,308.8,1386,48.6,75,0,Normal_Operation
9208,L,298.0,308.9,1406,40.9,77,0,Normal_Operation
9209,M,298.0,309.0,1393,55.9,79,0,Normal_Operation
9210,M,297.9,309.0,2456,13.9,82,0,Normal_Operation
9211,M,298.0,309.0,1409,49.1,85,0,Normal_Operation
9212,L,298.0,308.9,1390,53.9,88,0,Normal_Operation
9213,L,298.0,309.0,1679,32.4,90,0,Normal_Operation
9214,L,298.0,308.9,1508,37.1,92,0,Normal_Operation
9215,L,297.9,308.8,1681,31.7,94,0,Normal_Operation
9216,H,297.7,308.8,1469,43.7,96,0,Normal_Operation
9217,L,297.8,308.8,1421,49.6,101,0,Normal_Operation
9218,L,297.7,308.8,1354,50.2,103,0,Normal_Operation
9219,M,297.7,308.8,1350,57.0,105,0,Normal_Operation
9220,L,297.8,308.9,1282,58.1,108,0,Normal_Operation
9221,M,297.8,309.0,1675,30.0,110,0,Normal_Operation
9222,M,297.9,309.0,1525,38.5,113,0,Normal_Operation
9223,L,297.9,309.0,1382,43.9,116,0,Normal_Operation
9224,L,297.9,309.0,1450,46.8,118,0,Normal_Operation
9225,L,298.0,309.1,1820,23.6,120,0,Normal_Operation
9226,L,298.0,309.1,1822,23.5,122,0,Normal_Operation
9227,L,298.0,309.1,1473,44.3,124,0,Normal_Operation
9228,M,298.1,309.1,1572,37.5,126,0,Normal_Operation
9229,M,298.1,309.0,2042,17.8,129,0,Normal_Operation
9230,L,298.2,309.2,1922,22.6,132,0,Normal_Operation
9231,L,298.2,309.1,1539,36.5,134,0,Normal_Operation
9232,L,298.2,309.1,1350,52.0,136,0,Normal_Operation
9233,L,298.3,309.1,1403,45.1,138,0,Normal_Operation
9234,L,298.3,309.1,1904,20.3,140,0,Normal_Operation
9235,M,298.2,308.9,1592,35.2,142,0,Normal_Operation
9236,L,298.1,308.7,1556,31.6,145,0,Normal_Operation
9237,M,298.1,308.8,1811,25.4,147,0,Normal_Operation
9238,M,298.2,308.8,1456,41.2,150,0,Normal_Operation
9239,H,298.2,308.8,1436,51.9,153,0,Normal_Operation
9240,M,298.1,308.7,1362,49.6,158,0,Normal_Operation
9241,L,298.1,308.7,1683,29.1,161,0,Normal_Operation
9242,M,298.2,308.7,1269,60.9,163,0,Normal_Operation
9243,L,298.3,308.8,1454,49.0,166,0,Normal_Operation
9244,L,298.3,308.8,1767,27.3,168,0,Normal_Operation
9245,L,298.3,308.9,1708,27.3,170,0,Normal_Operation
9246,L,298.3,308.9,1862,27.0,172,0,Normal_Operation
9247,L,298.3,308.9,1695,30.7,174,0,Normal_Operation
9248,M,298.3,309.1,1488,40.6,176,0,Normal_Operation
9249,L,298.3,309.0,1657,32.2,179,0,Normal_Operation
9250,H,298.3,309.0,1823,25.9,181,0,Normal_Operation
9251,M,298.2,309.1,1651,28.8,186,0,Normal_Operation
9252,M,298.1,309.0,1533,36.1,189,0,Normal_Operation
9253,M,298.2,309.0,1508,40.5,192,0,Normal_Operation
9254,L,298.3,309.1,1616,31.1,195,0,Normal_Operation
9255,L,298.2,309.0,1651,31.5,197,0,Normal_Operation
9256,L,298.2,309.1,1569,35.2,199,0,Normal_Operation
9257,M,298.3,309.1,1296,58.7,201,0,Normal_Operation
9258,H,298.3,309.0,1379,43.2,0,0,Normal_Operation
9259,M,298.2,309.0,1694,28.0,5,0,Normal_Operation
9260,L,298.2,309.0,1377,57.8,8,0,Normal_Operation
9261,H,298.3,309.0,1470,38.4,10,0,Normal_Operation
9262,M,298.3,309.1,1404,47.0,15,0,Normal_Operation
9263,L,298.3,309.1,1593,40.1,18,0,Normal_Operation
9264,M,298.3,309.0,1526,36.9,20,0,Normal_Operation
9265,M,298.3,308.9,1390,49.7,23,0,Normal_Operation
9266,L,298.2,308.9,1737,25.5,26,0,Normal_Operation
9267,L,298.2,308.8,1362,57.3,28,0,Normal_Operation
9268,L,298.2,308.8,1666,31.5,30,0,Normal_Operation
9269,L,298.2,308.8,1354,60.9,32,0,Normal_Operation
9270,L,298.2,308.8,1302,60.4,34,0,Normal_Operation
9271,L,298.2,308.7,1991,20.5,36,0,Normal_Operation
9272,L,298.2,308.6,1353,54.1,38,0,Normal_Operation
9273,H,298.2,308.7,1520,35.7,40,0,Normal_Operation
9274,L,298.2,308.7,1428,54.9,45,0,Normal_Operation
9275,L,298.2,308.7,1605,29.4,47,0,Normal_Operation
9276,L,298.1,308.7,1691,30.3,49,0,Normal_Operation
9277,L,298.2,308.7,1447,48.4,51,0,Normal_Operation
9278,H,298.2,308.8,1606,39.9,53,0,Normal_Operation
9279,M,298.2,308.8,1645,28.2,58,0,Normal_Operation
9280,H,298.2,308.8,1470,43.3,61,0,Normal_Operation
9281,L,298.2,308.9,1336,45.0,66,0,Normal_Operation
9282,M,298.2,308.9,1414,44.3,68,0,Normal_Operation
9283,M,298.3,309.0,1802,27.5,71,0,Normal_Operation
9284,L,298.2,308.9,1683,31.7,74,0,Normal_Operation
9285,M,298.2,309.0,1410,47.6,76,0,Normal_Operation
9286,L,298.2,308.9,1605,32.0,79,0,Normal_Operation
9287,L,298.2,308.9,1709,28.1,81,0,Normal_Operation
9288,L,298.2,308.9,1444,53.1,83,0,Normal_Operation
9289,L,298.2,308.9,1367,45.0,85,0,Normal_Operation
9290,L,298.2,309.0,1418,44.2,87,0,Normal_Operation
9291,L,298.2,309.0,1353,57.8,89,0,Normal_Operation
9292,L,298.2,309.0,1643,34.1,91,0,Normal_Operation
9293,L,298.3,309.1,1437,38.0,93,0,Normal_Operation
9294,L,298.1,309.0,1437,36.2,95,0,Normal_Operation
9295,M,298.2,309.0,1413,47.9,97,0,Normal_Operation
9296,H,298.2,309.0,1524,39.1,100,0,Normal_Operation
9297,M,298.1,308.9,1479,43.4,105,0,Normal_Operation
9298,L,298.1,308.9,1313,50.6,108,0,Normal_Operation
9299,M,298.1,308.9,1335,50.4,110,0,Normal_Operation
9300,L,298.1,308.9,1367,41.9,113,0,Normal_Operation
9301,M,298.1,308.9,1459,50.3,115,0,Normal_Operation
9302,M,298.1,308.9,1804,25.1,118,0,Normal_Operation
9303,L,298.2,309.0,1491,38.3,121,0,Normal_Operation
9304,L,298.3,309.1,1537,43.0,123,0,Normal_Operation
9305,H,298.3,309.1,1646,30.2,125,0,Normal_Operation
9306,M,298.3,309.2,1783,28.3,130,0,Normal_Operation
9307,L,298.3,309.1,1395,49.8,133,0,Normal_Operation
9308,L,298.4,309.1,1423,48.0,135,0,Normal_Operation
9309,L,298.3,309.2,1562,37.6,137,0,Normal_Operation
9310,L,298.4,309.3,1549,40.8,139,0,Normal_Operation
9311,L,298.4,309.4,1540,43.2,141,0,Normal_Operation
9312,H,298.5,309.4,1573,33.6,143,0,Normal_Operation
9313,L,298.5,309.4,1418,45.1,148,0,Normal_Operation
9314,M,298.5,309.4,1565,33.7,150,0,Normal_Operation
9315,L,298.5,309.5,1569,41.0,153,0,Normal_Operation
9316,H,298.5,309.4,1417,41.2,155,0,Normal_Operation
9317,L,298.5,309.5,1480,38.1,160,0,Normal_Operation
9318,L,298.5,309.4,1364,44.5,162,0,Normal_Operation
9319,L,298.5,309.4,1911,21.5,164,0,Normal_Operation
9320,L,298.4,309.3,1409,43.1,166,0,Normal_Operation
9321,L,298.4,309.2,1335,53.5,168,0,Normal_Operation
9322,M,298.5,309.3,1512,38.1,170,0,Normal_Operation
9323,L,298.6,309.4,1447,40.2,173,0,Normal_Operation
9324,L,298.6,309.3,1537,37.6,175,0,Normal_Operation
9325,M,298.6,309.3,1510,40.8,177,0,Normal_Operation
9326,L,298.6,309.3,1677,31.2,180,0,Normal_Operation
9327,L,298.5,309.2,1504,33.7,182,0,Normal_Operation
9328,H,298.5,309.1,2051,19.0,184,0,Normal_Operation
9329,L,298.5,309.1,1474,41.3,189,0,Normal_Operation
9330,M,298.4,309.0,1507,36.1,191,0,Normal_Operation
9331,L,298.4,308.9,1496,37.9,194,0,Normal_Operation
9332,M,298.5,309.0,1921,22.0,196,0,Normal_Operation
9333,L,298.5,309.0,1450,40.5,199,0,Normal_Operation
9334,L,298.4,308.9,1402,44.8,201,0,Normal_Operation
9335,L,298.4,308.9,1501,50.0,203,0,Normal_Operation
9336,L,298.5,308.9,1725,31.9,205,0,Normal_Operation
9337,H,298.5,308.9,1500,40.3,207,0,Normal_Operation
9338,H,298.5,309.0,1531,30.8,212,0,Normal_Operation
9339,L,298.5,309.0,1458,44.8,217,0,Normal_Operation
9340,H,298.4,308.9,1577,37.1,0,0,Normal_Operation
9341,M,298.3,308.9,1363,46.1,5,0,Normal_Operation
9342,H,298.3,308.9,1706,31.8,8,0,Normal_Operation
9343,M,298.3,308.8,1391,50.4,13,0,Normal_Operation
9344,L,298.2,308.8,1616,33.7,16,0,Normal_Operation
9345,L,298.2,308.8,1442,47.0,18,0,Normal_Operation
9346,M,298.2,308.8,1626,40.4,20,0,Normal_Operation
9347,M,298.2,308.7,1426,42.6,23,0,Normal_Operation
9348,L,298.2,308.7,1436,49.1,26,0,Normal_Operation
9349,M,298.2,308.7,1599,36.2,28,0,Normal_Operation
9350,L,298.2,308.7,2186,17.8,31,0,Normal_Operation
9351,L,298.3,308.8,1645,30.4,33,0,Normal_Operation
9352,L,298.2,308.7,1780,27.9,35,0,Normal_Operation
9353,L,298.2,308.8,1345,44.3,37,0,Normal_Operation
9354,M,298.2,308.8,1607,31.9,39,0,Normal_Operation
9355,L,298.3,308.9,1708,28.0,42,0,Normal_Operation
9356,L,298.3,308.9,1270,52.7,44,0,Normal_Operation
9357,M,298.3,308.9,1646,25.4,46,0,Normal_Operation
9358,L,298.2,308.7,1407,45.1,49,0,Normal_Operation
9359,M,298.1,308.7,1581,47.4,51,0,Normal_Operation
9360,L,298.0,308.6,1532,42.6,54,0,Normal_Operation
9361,L,298.0,308.6,1610,33.1,56,0,Normal_Operation
9362,M,298.0,308.5,1682,33.0,58,0,Normal_Operation
9363,L,297.9,308.5,1519,34.3,61,0,Normal_Operation
9364,L,297.9,308.5,1683,28.5,63,0,Normal_Operation
9365,M,298.0,308.6,1254,55.8,65,0,Normal_Operation
9366,L,298.0,308.5,1461,48.0,68,0,Normal_Operation
9367,L,297.9,308.5,1472,45.1,70,0,Normal_Operation
9368,L,297.7,308.4,1510,38.6,72,0,Normal_Operation
9369,M,297.7,308.3,1547,36.8,74,0,Normal_Operation
9370,H,297.7,308.4,1418,51.9,77,0,Normal_Operation
9371,L,297.7,308.4,1289,51.3,82,0,Normal_Operation
9372,L,297.7,308.4,1487,41.4,84,0,Normal_Operation
9373,L,297.7,308.5,1453,45.5,86,0,Normal_Operation
9374,M,297.8,308.5,1466,44.7,88,0,Normal_Operation
9375,H,297.7,308.4,1288,49.5,91,0,Normal_Operation
9376,H,297.7,308.4,1738,27.7,96,0,Normal_Operation
9377,H,297.7,308.3,1488,41.0,101,0,Normal_Operation
9378,L,297.6,308.3,1816,28.8,106,0,Normal_Operation
9379,L,297.5,308.2,1419,48.5,108,0,Normal_Operation
9380,L,297.4,308.1,1435,45.7,110,0,Normal_Operation
9381,M,297.5,308.1,1480,42.4,112,0,Normal_Operation
9382,L,297.5,308.2,1610,33.6,115,0,Normal_Operation
9383,H,297.5,308.1,1548,38.2,117,0,Normal_Operation
9384,M,297.6,308.1,1379,57.4,122,0,Normal_Operation
9385,M,297.5,308.1,1907,23.5,125,0,Normal_Operation
9386,M,297.5,308.0,2033,16.7,128,0,Normal_Operation
9387,H,297.4,307.9,1390,52.0,131,0,Normal_Operation
9388,M,297.5,307.9,1544,37.9,136,0,Normal_Operation
9389,L,297.6,308.0,1258,57.4,139,0,Normal_Operation
9390,M,297.5,308.0,1560,39.0,141,0,Normal_Operation
9391,H,297.6,308.2,2071,18.5,144,0,Normal_Operation
9392,L,297.6,308.1,1437,46.3,149,0,Normal_Operation
9393,H,297.7,308.2,1489,43.0,151,0,Normal_Operation
9394,L,297.7,308.2,1334,53.0,156,0,Normal_Operation
9395,L,297.7,308.2,1500,39.9,158,0,Normal_Operation
9396,L,297.8,308.3,1498,47.3,160,0,Normal_Operation
9397,M,297.7,308.2,1370,53.4,162,0,Normal_Operation
9398,H,297.7,308.2,1526,40.1,165,0,Normal_Operation
9399,L,297.8,308.3,1477,44.8,170,0,Normal_Operation
9400,L,297.7,308.2,1446,43.9,172,0,Normal_Operation
9401,M,297.7,308.2,1720,25.6,174,0,Normal_Operation
9402,L,297.7,308.1,1734,30.7,177,0,Normal_Operation
9403,L,297.7,308.1,1697,29.1,179,0,Normal_Operation
9404,L,297.7,308.2,2007,19.3,181,0,Normal_Operation
9405,M,297.7,308.1,1469,48.8,183,0,Normal_Operation
9406,M,297.7,308.1,2189,15.6,186,0,Normal_Operation
9407,L,297.8,308.3,1435,50.1,189,0,Normal_Operation
9408,H,297.9,308.4,1637,34.5,191,0,Normal_Operation
9409,L,298.0,308.5,1664,28.3,196,0,Normal_Operation
9410,M,298.0,308.5,1666,31.0,198,0,Normal_Operation
9411,L,298.0,308.5,1404,46.6,201,0,Normal_Operation
9412,L,298.0,308.5,1702,26.7,203,0,Normal_Operation
9413,L,298.1,308.6,1439,44.9,205,0,Normal_Operation
9414,L,298.1,308.6,1354,53.9,207,1,Excessive_Load
9415,M,298.2,308.7,1361,44.2,0,0,Normal_Operation
9416,M,298.1,308.5,1463,45.9,3,0,Normal_Operation
9417,H,298.1,308.4,1515,43.8,6,0,Normal_Operation
9418,L,298.0,308.4,1432,46.2,11,0,Normal_Operation
9419,L,298.0,308.4,1911,22.0,13,0,Normal_Operation
9420,L,298.0,308.4,1472,42.0,15,0,Normal_Operation
9421,M,298.1,308.5,1382,54.5,17,0,Normal_Operation
9422,L,298.1,308.5,1665,29.6,20,0,Normal_Operation
9423,L,298.1,308.5,1676,30.5,22,0,Normal_Operation
9424,M,298.0,308.5,1585,33.0,24,0,Normal_Operation
9425,M,298.1,308.6,1415,46.3,27,0,Normal_Operation
9426,L,298.1,308.7,1341,55.7,30,0,Normal_Operation
9427,L,298.2,308.8,1540,34.8,32,0,Normal_Operation
9428,H,298.2,308.8,1837,28.4,34,0,Normal_Operation
9429,L,298.2,308.8,1498,36.0,39,0,Normal_Operation
9430,L,298.1,308.7,1671,28.8,41,0,Normal_Operation
9431,L,298.0,308.6,1430,57.0,43,0,Normal_Operation
9432,L,298.0,308.7,1619,40.1,45,0,Normal_Operation
9433,M,298.0,308.7,1430,51.9,47,0,Normal_Operation
9434,L,298.0,308.6,1626,33.3,50,0,Normal_Operation
9435,L,298.0,308.7,1443,49.3,52,0,Normal_Operation
9436,L,298.0,308.6,1481,42.5,54,0,Normal_Operation
9437,M,298.1,308.7,1527,43.0,56,0,Normal_Operation
9438,M,298.1,308.7,1315,56.8,59,0,Normal_Operation
9439,M,298.1,308.8,1433,48.2,62,0,Normal_Operation
9440,M,298.1,308.8,1378,53.5,65,0,Normal_Operation
9441,L,298.1,308.8,1432,43.4,68,0,Normal_Operation
9442,M,298.1,308.8,1394,47.9,70,0,Normal_Operation
9443,H,298.0,308.8,1411,53.8,73,0,Normal_Operation
9444,L,298.1,308.9,2136,15.9,78,0,Normal_Operation
9445,M,298.2,309.0,1446,45.8,80,0,Normal_Operation
9446,H,298.1,308.9,1388,53.5,83,0,Normal_Operation
9447,M,298.1,308.9,1323,51.7,88,0,Normal_Operation
9448,L,298.2,309.0,1780,29.3,91,0,Normal_Operation
9449,M,298.1,308.8,1434,41.8,93,0,Normal_Operation
9450,M,298.0,308.7,1494,42.6,96,0,Normal_Operation
9451,H,298.0,308.7,1536,39.6,99,0,Normal_Operation
9452,M,298.0,308.7,1392,53.4,104,0,Normal_Operation
9453,H,298.2,309.0,1360,56.8,107,0,Normal_Operation
9454,L,298.4,309.2,1583,35.4,112,0,Normal_Operation
9455,L,298.5,309.2,1983,20.2,114,0,Normal_Operation
9456,L,298.5,309.3,1630,33.3,116,0,Normal_Operation
9457,M,298.5,309.3,1692,26.7,118,0,Normal_Operation
9458,L,298.4,309.1,1417,40.6,121,0,Normal_Operation
9459,L,298.4,309.1,1579,36.1,123,0,Normal_Operation
9460,M,298.4,309.2,1399,45.2,125,0,Normal_Operation
9461,M,298.4,309.2,1414,46.4,128,0,Normal_Operation
9462,L,298.5,309.3,1570,40.1,131,0,Normal_Operation
9463,M,298.5,309.3,1552,36.8,133,0,Normal_Operation
9464,L,298.6,309.4,1440,48.2,136,0,Normal_Operation
9465,M,298.6,309.4,1460,43.8,138,0,Normal_Operation
9466,L,298.6,309.4,1471,48.0,141,0,Normal_Operation
9467,L,298.6,309.3,1702,27.6,143,0,Normal_Operation
9468,L,298.6,309.4,1375,55.4,145,0,Normal_Operation
9469,L,298.6,309.4,1698,33.2,147,0,Normal_Operation
9470,H,298.6,309.4,1439,47.1,149,0,Normal_Operation
9471,M,298.6,309.4,1774,27.5,154,0,Normal_Operation
9472,M,298.7,309.4,1375,48.3,157,0,Normal_Operation
9473,L,298.7,309.5,1446,40.0,160,0,Normal_Operation
9474,M,298.7,309.6,1455,46.8,162,0,Normal_Operation
9475,L,298.8,309.6,1523,41.9,165,0,Normal_Operation
9476,M,298.8,309.6,1692,31.9,167,0,Normal_Operation
9477,M,298.8,309.6,1693,33.3,170,0,Normal_Operation
9478,L,298.8,309.6,1890,24.0,173,0,Normal_Operation
9479,H,298.9,309.6,1600,33.5,175,0,Normal_Operation
9480,M,298.9,309.6,1434,43.8,180,0,Normal_Operation
9481,L,298.9,309.6,1365,50.9,183,0,Normal_Operation
9482,H,298.8,309.6,1309,57.4,185,0,Normal_Operation
9483,H,298.9,309.6,1546,35.3,190,0,Normal_Operation
9484,L,298.9,309.6,1663,33.7,195,0,Normal_Operation
9485,L,298.9,309.6,1589,34.2,197,0,Normal_Operation
9486,M,298.9,309.6,1472,46.0,199,0,Normal_Operation
9487,L,298.9,309.6,1583,39.8,202,0,Normal_Operation
9488,M,298.9,309.6,1567,34.5,204,0,Normal_Operation
9489,L,298.9,309.7,1407,41.9,207,0,Normal_Operation
9490,M,299.0,309.7,1418,44.7,209,0,Normal_Operation
9491,M,299.0,309.7,1489,40.7,212,0,Normal_Operation
9492,L,299.1,309.9,1586,36.6,215,0,Normal_Operation
9493,L,299.1,309.8,1398,55.4,217,1,Excessive_Load
9494,L,299.2,309.9,1516,41.4,219,0,Normal_Operation
9495,H,299.3,310.0,1373,44.8,221,0,Normal_Operation
9496,M,299.2,310.0,1349,50.4,226,0,Normal_Operation
9497,H,299.1,309.9,1443,40.3,0,0,Normal_Operation
9498,H,299.2,310.1,1542,36.1,5,0,Normal_Operation
9499,L,299.2,310.1,1534,37.7,10,0,Normal_Operation
9500,L,299.2,310.2,1697,30.6,12,0,Normal_Operation
9501,L,299.3,310.3,1396,47.4,14,0,Normal_Operation
9502,L,299.3,310.2,1495,49.2,16,0,Normal_Operation
9503,M,299.2,310.3,1551,44.8,18,0,Normal_Operation
9504,L,299.2,310.3,1440,47.0,21,0,Normal_Operation
9505,L,299.2,310.3,1429,40.1,23,0,Normal_Operation
9506,H,299.3,310.4,1548,41.6,25,0,Normal_Operation
9507,L,299.3,310.5,1505,38.8,30,0,Normal_Operation
9508,L,299.2,310.4,1611,36.4,32,0,Normal_Operation
9509,M,299.2,310.4,1502,39.8,34,0,Normal_Operation
9510,M,299.2,310.4,1504,43.3,37,0,Normal_Operation
9511,L,299.1,310.3,1449,40.7,40,0,Normal_Operation
9512,L,299.0,310.2,1575,37.8,42,0,Normal_Operation
9513,M,299.0,310.2,1598,33.4,44,0,Normal_Operation
9514,L,299.0,310.1,1416,45.9,47,0,Normal_Operation
9515,L,299.0,310.2,1682,28.8,49,0,Normal_Operation
9516,L,298.9,310.1,1341,54.5,51,0,Normal_Operation
9517,L,298.9,310.1,1523,39.1,53,0,Normal_Operation
9518,L,299.0,310.1,1580,41.9,55,0,Normal_Operation
9519,L,299.0,310.1,1531,36.0,57,0,Normal_Operation
9520,L,299.0,310.1,1375,48.9,59,0,Normal_Operation
9521,M,298.9,310.1,1484,40.4,61,0,Normal_Operation
9522,M,299.0,310.2,1657,32.3,64,0,Normal_Operation
9523,L,299.0,310.2,1494,40.6,67,0,Normal_Operation
9524,H,299.0,310.3,1658,27.6,69,0,Normal_Operation
9525,L,299.1,310.3,1411,42.1,74,0,Normal_Operation
9526,M,299.2,310.4,1395,55.4,76,0,Normal_Operation
9527,L,299.1,310.4,1550,43.9,79,0,Normal_Operation
9528,M,299.1,310.3,1233,59.0,81,0,Normal_Operation
9529,L,299.1,310.3,1459,46.7,84,0,Normal_Operation
9530,H,299.1,310.4,1405,53.6,86,0,Normal_Operation
9531,L,299.2,310.5,1458,44.1,91,0,Normal_Operation
9532,L,299.2,310.5,1384,48.7,93,0,Normal_Operation
9533,L,299.2,310.5,1705,29.5,95,0,Normal_Operation
9534,L,299.3,310.6,1443,45.7,97,0,Normal_Operation
9535,M,299.3,310.6,1609,31.4,99,0,Normal_Operation
9536,L,299.3,310.5,1818,26.0,102,0,Normal_Operation
9537,M,299.3,310.6,1457,42.1,104,0,Normal_Operation
9538,L,299.3,310.6,1480,45.1,107,0,Normal_Operation
9539,L,299.4,310.8,1424,47.7,109,0,Normal_Operation
9540,M,299.4,310.8,1628,40.2,111,0,Normal_Operation
9541,M,299.5,310.8,1754,31.3,114,0,Normal_Operation
9542,L,299.6,310.9,1716,28.5,117,0,Normal_Operation
9543,M,299.5,310.9,1378,48.7,119,0,Normal_Operation
9544,L,299.6,311.0,1708,31.0,122,0,Normal_Operation
9545,L,299.6,311.0,1430,38.3,124,0,Normal_Operation
9546,M,299.7,311.2,1560,43.9,126,0,Normal_Operation
9547,L,299.6,311.1,1679,30.7,129,0,Normal_Operation
9548,L,299.6,311.1,1521,37.2,131,0,Normal_Operation
9549,M,299.6,311.1,1649,33.8,133,0,Normal_Operation
9550,M,299.5,311.0,1451,43.3,136,0,Normal_Operation
9551,L,299.4,310.8,1391,48.9,139,0,Normal_Operation
9552,M,299.3,310.8,1523,40.9,141,0,Normal_Operation
9553,L,299.3,310.7,1495,39.2,144,0,Normal_Operation
9554,M,299.3,310.7,1440,45.5,146,0,Normal_Operation
9555,H,299.4,310.8,1585,31.4,149,0,Normal_Operation
9556,L,299.5,310.8,1374,48.3,154,0,Normal_Operation
9557,M,299.5,310.8,1507,40.2,156,0,Normal_Operation
9558,M,299.5,310.9,1577,34.6,159,0,Normal_Operation
9559,L,299.5,310.9,1496,38.5,162,0,Normal_Operation
9560,L,299.6,310.9,1487,42.5,164,0,Normal_Operation
9561,L,299.6,310.9,1853,26.3,166,0,Normal_Operation
9562,M,299.7,311.0,1435,50.1,168,0,Normal_Operation
9563,M,299.8,311.1,1763,25.5,171,0,Normal_Operation
9564,L,299.8,311.1,1820,24.9,174,0,Normal_Operation
9565,M,299.8,311.1,1498,38.1,176,0,Normal_Operation
9566,L,299.8,311.1,1603,35.1,179,0,Normal_Operation
9567,L,299.8,311.1,1412,42.5,181,0,Normal_Operation
9568,L,299.8,311.1,1588,38.0,183,0,Normal_Operation
9569,M,299.8,311.0,1948,20.0,185,0,Normal_Operation
9570,L,299.7,310.9,1384,48.2,188,0,Normal_Operation
9571,L,299.7,310.8,1589,36.0,190,0,Normal_Operation
9572,M,299.7,310.8,1405,47.6,192,0,Normal_Operation
9573,L,299.7,310.9,1491,40.1,195,0,Normal_Operation
9574,H,299.7,310.8,1418,46.6,197,0,Normal_Operation
9575,M,299.6,310.8,1603,35.4,202,0,Normal_Operation
9576,L,299.6,310.7,1922,23.3,205,1,Tool_Degradation
9577,M,299.5,310.7,1364,49.5,0,0,Normal_Operation
9578,L,299.4,310.7,1551,41.2,3,0,Normal_Operation
9579,L,299.5,310.7,1589,33.5,5,0,Normal_Operation
9580,M,299.5,310.7,1423,56.5,7,0,Normal_Operation
9581,L,299.4,310.6,1418,53.1,10,0,Normal_Operation
9582,M,299.3,310.5,1404,47.5,12,0,Normal_Operation
9583,L,299.3,310.5,1281,59.8,15,0,Normal_Operation
9584,L,299.3,310.5,1529,41.3,17,0,Normal_Operation
9585,M,299.3,310.5,1563,42.1,19,0,Normal_Operation
9586,L,299.4,310.6,1348,54.5,22,0,Normal_Operation
9587,M,299.3,310.5,1462,40.5,24,0,Normal_Operation
9588,H,299.3,310.4,1510,45.5,27,0,Normal_Operation
9589,L,299.2,310.4,1472,43.3,32,0,Normal_Operation
9590,M,299.2,310.4,1325,52.0,34,0,Normal_Operation
9591,L,299.2,310.4,1570,37.3,37,0,Normal_Operation
9592,L,299.2,310.4,1379,46.8,39,0,Normal_Operation
9593,L,299.1,310.2,1352,52.8,41,0,Normal_Operation
9594,L,299.1,310.3,1727,28.7,43,0,Normal_Operation
9595,H,299.0,310.1,1432,50.0,45,0,Normal_Operation
9596,L,298.9,310.1,1466,43.4,50,0,Normal_Operation
9597,L,298.9,310.1,1510,38.0,52,0,Normal_Operation
9598,L,299.0,310.2,1490,41.1,54,0,Normal_Operation
9599,L,299.0,310.1,1463,37.4,56,0,Normal_Operation
9600,M,298.9,310.0,1561,45.3,58,0,Normal_Operation
9601,L,298.9,310.1,2109,18.0,61,0,Normal_Operation
9602,L,298.9,310.2,1705,32.5,63,0,Normal_Operation
9603,M,298.9,310.1,1549,40.2,65,0,Normal_Operation
9604,H,299.0,310.2,1637,38.0,68,0,Normal_Operation
9605,M,298.9,310.1,1484,37.9,73,0,Normal_Operation
9606,L,298.9,310.1,1401,44.4,76,0,Normal_Operation
9607,L,298.9,310.1,1571,36.8,78,0,Normal_Operation
9608,M,298.9,310.1,1513,41.5,80,0,Normal_Operation
9609,L,299.0,310.1,1470,40.3,83,0,Normal_Operation
9610,L,299.0,310.1,1505,41.3,85,0,Normal_Operation
9611,L,299.0,310.2,1432,42.2,87,0,Normal_Operation
9612,M,299.0,310.2,1625,31.8,89,0,Normal_Operation
9613,L,299.0,310.2,1377,62.5,92,1,Power_Supply_Issue
9614,M,299.1,310.3,1441,43.9,94,0,Normal_Operation
9615,M,299.0,310.2,1564,39.9,97,0,Normal_Operation
9616,L,298.9,310.1,1580,37.3,100,0,Normal_Operation
9617,L,299.0,310.2,1516,35.3,102,0,Normal_Operation
9618,L,299.0,310.1,1447,42.8,104,0,Normal_Operation
9619,M,298.9,310.0,1323,52.9,106,0,Normal_Operation
9620,L,298.9,310.0,1470,45.9,109,0,Normal_Operation
9621,M,299.0,310.0,2049,19.5,111,0,Normal_Operation
9622,L,298.9,310.0,1794,27.2,114,0,Normal_Operation
9623,L,298.9,310.1,1356,47.8,116,0,Normal_Operation
9624,H,299.0,310.1,1555,38.6,118,0,Normal_Operation
9625,M,299.0,310.1,1487,47.5,123,0,Normal_Operation
9626,M,299.0,310.0,1341,58.9,126,0,Normal_Operation
9627,M,298.9,310.0,1487,36.6,129,0,Normal_Operation
9628,H,299.0,310.0,1569,34.3,132,0,Normal_Operation
9629,H,299.0,310.1,2053,19.7,137,0,Normal_Operation
9630,L,299.0,310.1,1583,35.8,142,0,Normal_Operation
9631,L,299.0,310.0,1672,33.2,144,0,Normal_Operation
9632,M,299.0,310.0,1337,57.4,146,0,Normal_Operation
9633,H,299.1,310.1,1421,41.2,149,0,Normal_Operation
9634,L,299.1,310.2,1425,52.7,154,0,Normal_Operation
9635,L,299.2,310.2,1609,33.2,156,0,Normal_Operation
9636,L,299.2,310.3,1507,41.3,158,0,Normal_Operation
9637,L,299.2,310.3,1463,38.9,160,0,Normal_Operation
9638,H,299.3,310.4,1393,44.9,162,0,Normal_Operation
9639,L,299.3,310.4,1725,26.8,167,0,Normal_Operation
9640,L,299.4,310.5,1514,36.1,169,0,Normal_Operation
9641,L,299.3,310.4,1365,53.9,171,0,Normal_Operation
9642,L,299.4,310.5,1372,46.3,173,0,Normal_Operation
9643,L,299.4,310.4,1509,40.6,175,0,Normal_Operation
9644,L,299.3,310.4,1629,32.6,177,0,Normal_Operation
9645,L,299.4,310.5,1749,28.1,179,0,Normal_Operation
9646,L,299.4,310.4,1582,31.7,181,0,Normal_Operation
9647,L,299.2,310.2,1458,47.0,183,0,Normal_Operation
9648,L,299.1,310.1,1416,41.2,185,0,Normal_Operation
9649,H,299.1,310.0,1657,33.1,187,0,Normal_Operation
9650,M,299.1,310.0,1437,41.1,192,0,Normal_Operation
9651,M,299.1,310.0,1580,36.0,195,0,Normal_Operation
9652,M,299.0,310.0,1488,46.3,198,0,Normal_Operation
9653,L,299.0,309.9,1373,55.7,201,1,Excessive_Load
9654,L,299.1,310.0,1367,56.3,203,1,Excessive_Load
9655,H,299.1,310.0,1431,49.5,205,0,Normal_Operation
9656,L,299.0,310.1,1623,33.0,210,0,Normal_Operation
9657,L,299.0,310.0,1484,39.6,212,0,Normal_Operation
9658,L,299.0,309.9,1548,34.5,214,0,Normal_Operation
9659,L,298.9,309.8,1287,61.9,216,1,Excessive_Load
9660,M,298.9,309.8,1392,43.1,218,0,Normal_Operation
9661,H,299.0,310.0,1458,44.9,221,0,Normal_Operation
9662,M,299.1,310.1,1570,30.9,226,0,Normal_Operation
9663,L,299.1,310.1,1435,48.8,229,1,Excessive_Load
9664,L,299.1,310.2,1317,54.8,231,1,Excessive_Load
9665,L,299.2,310.3,1610,33.3,233,0,Normal_Operation
9666,M,299.1,310.3,1838,24.0,235,0,Normal_Operation
9667,L,299.2,310.3,1352,48.9,238,1,Excessive_Load
9668,L,299.1,310.3,1619,35.2,240,0,Normal_Operation
9669,L,299.1,310.3,1619,31.1,242,0,Normal_Operation
9670,L,299.0,310.2,1690,30.7,244,0,Normal_Operation
9671,L,299.0,310.2,1412,44.1,246,0,Normal_Operation
9672,H,299.0,310.2,1744,31.5,0,0,Normal_Operation
9673,M,299.0,310.1,1593,35.4,5,0,Normal_Operation
9674,L,299.1,310.2,1695,29.6,8,0,Normal_Operation
9675,M,299.0,310.2,1298,57.2,10,0,Normal_Operation
9676,L,299.0,310.1,1886,21.2,13,0,Normal_Operation
9677,L,299.0,310.1,2033,19.3,15,0,Normal_Operation
9678,M,299.1,310.2,1711,28.1,17,0,Normal_Operation
9679,L,299.1,310.2,1598,33.4,20,0,Normal_Operation
9680,L,299.1,310.1,1894,24.2,22,0,Normal_Operation
9681,M,299.1,310.1,1412,44.4,24,0,Normal_Operation
9682,L,299.1,310.0,1394,46.6,27,0,Normal_Operation
9683,M,299.0,310.0,1338,56.4,29,0,Normal_Operation
9684,H,298.9,309.9,1376,51.0,32,0,Normal_Operation
9685,L,299.0,310.0,1360,48.1,37,0,Normal_Operation
9686,L,299.1,310.1,1486,40.7,39,0,Normal_Operation
9687,M,299.1,310.1,1649,31.6,41,0,Normal_Operation
9688,L,299.1,310.1,1367,45.6,44,0,Normal_Operation
9689,L,299.0,310.1,1362,59.5,46,0,Normal_Operation
9690,M,298.9,310.0,1520,35.6,48,0,Normal_Operation
9691,L,299.0,310.0,1582,31.9,51,0,Normal_Operation
9692,M,299.0,310.0,1667,30.0,53,0,Normal_Operation
9693,L,298.9,310.0,1693,28.8,56,0,Normal_Operation
9694,L,298.9,310.0,1559,33.4,58,0,Normal_Operation
9695,L,298.9,309.9,1592,32.0,60,0,Normal_Operation
9696,L,298.9,309.9,1404,39.8,62,0,Normal_Operation
9697,M,298.8,309.8,1413,45.5,64,0,Normal_Operation
9698,L,298.8,309.8,1663,28.2,67,0,Normal_Operation
9699,L,298.8,309.8,1508,36.3,69,0,Normal_Operation
9700,M,298.9,309.8,1353,53.7,71,0,Normal_Operation
9701,L,298.8,309.8,1485,42.4,74,0,Normal_Operation
9702,L,298.9,310.0,1633,31.2,76,0,Normal_Operation
9703,L,298.9,310.0,1422,43.6,78,0,Normal_Operation
9704,L,298.9,310.1,1577,41.4,80,0,Normal_Operation
9705,L,298.9,310.0,1482,41.1,82,0,Normal_Operation
9706,M,299.0,310.1,1705,30.1,84,0,Normal_Operation
9707,L,299.0,310.1,1699,32.9,87,0,Normal_Operation
9708,L,299.0,310.1,1664,29.7,89,0,Normal_Operation
9709,M,299.0,310.0,1486,34.6,91,0,Normal_Operation
9710,L,299.1,310.1,1336,61.3,94,0,Normal_Operation
9711,H,299.1,310.1,1429,42.9,96,0,Normal_Operation
9712,M,299.1,310.2,1456,48.4,101,0,Normal_Operation
9713,L,299.1,310.2,1496,45.0,104,0,Normal_Operation
9714,L,299.1,310.1,1894,20.1,106,0,Normal_Operation
9715,L,299.1,310.1,1373,55.6,108,0,Normal_Operation
9716,H,299.0,310.0,1387,45.2,110,0,Normal_Operation
9717,L,298.9,309.9,1500,44.2,115,0,Normal_Operation
9718,L,298.9,309.9,1517,36.6,117,0,Normal_Operation
9719,L,298.9,309.9,1309,56.2,119,0,Normal_Operation
9720,M,298.9,309.9,1357,54.5,121,0,Normal_Operation
9721,L,298.8,309.8,1490,40.6,124,0,Normal_Operation
9722,H,298.8,309.8,1911,21.6,126,0,Normal_Operation
9723,L,298.8,309.8,1599,33.6,131,0,Normal_Operation
9724,M,298.8,309.7,2098,19.0,133,0,Normal_Operation
9725,M,298.7,309.7,1629,27.9,136,0,Normal_Operation
9726,L,298.8,309.8,1557,37.2,139,0,Normal_Operation
9727,L,298.8,309.8,1461,39.4,141,0,Normal_Operation
9728,L,298.8,309.8,1563,33.7,143,0,Normal_Operation
9729,L,298.7,309.8,1695,29.0,145,0,Normal_Operation
9730,L,298.8,310.0,1528,36.7,147,0,Normal_Operation
9731,L,298.8,310.0,1389,49.6,149,0,Normal_Operation
9732,L,298.9,310.0,2231,17.4,151,0,Normal_Operation
9733,M,298.9,310.1,1442,42.9,153,0,Normal_Operation
9734,H,298.9,310.1,1458,44.3,156,0,Normal_Operation
9735,L,299.0,310.1,1444,47.7,161,0,Normal_Operation
9736,M,298.9,310.0,1348,58.2,163,0,Normal_Operation
9737,L,298.9,310.0,1791,27.6,166,0,Normal_Operation
9738,L,299.0,310.0,1509,38.0,168,0,Normal_Operation
9739,L,298.9,310.0,1515,42.9,170,0,Normal_Operation
9740,M,298.9,310.1,1655,31.5,172,0,Normal_Operation
9741,L,298.9,310.1,1495,42.9,175,0,Normal_Operation
9742,L,298.9,310.2,1623,37.2,177,0,Normal_Operation
9743,L,298.9,310.2,1562,42.5,179,0,Normal_Operation
9744,L,298.8,310.1,1574,36.2,181,0,Normal_Operation
9745,L,298.8,310.0,1611,32.4,183,0,Normal_Operation
9746,L,298.8,310.0,1403,45.6,185,0,Normal_Operation
9747,L,298.8,310.1,1481,47.4,187,0,Normal_Operation
9748,M,298.9,310.1,1441,41.2,189,0,Normal_Operation
9749,H,298.8,310.1,1483,45.4,192,0,Normal_Operation
9750,L,298.7,310.0,1555,32.6,197,0,Normal_Operation
9751,L,298.6,309.9,1615,28.8,199,0,Normal_Operation
9752,L,298.6,309.8,1561,32.6,201,0,Normal_Operation
9753,L,298.5,309.8,1593,35.1,203,0,Normal_Operation
9754,M,298.5,309.7,1552,34.0,205,0,Normal_Operation
9755,H,298.5,309.7,1561,35.3,208,0,Normal_Operation
9756,L,298.6,309.8,1597,35.9,213,0,Normal_Operation
9757,M,298.6,309.9,1517,34.0,215,0,Normal_Operation
9758,L,298.6,309.8,2271,16.2,218,1,Tool_Degradation
9759,L,298.5,309.7,1613,36.7,0,0,Normal_Operation
9760,M,298.5,309.6,1509,47.3,2,0,Normal_Operation
9761,L,298.6,309.7,1703,26.1,5,0,Normal_Operation
9762,L,298.6,309.7,1925,22.1,7,0,Normal_Operation
9763,M,298.6,309.6,1635,29.7,9,0,Normal_Operation
9764,L,298.5,309.5,1294,66.7,12,1,Power_Supply_Issue
9765,L,298.6,309.6,1472,39.1,14,0,Normal_Operation
9766,H,298.6,309.6,1449,42.5,16,0,Normal_Operation
9767,L,298.6,309.6,1563,35.0,21,0,Normal_Operation
9768,L,298.6,309.6,1611,35.7,23,0,Normal_Operation
9769,L,298.6,309.6,1386,48.6,25,0,Normal_Operation
9770,H,298.6,309.5,1584,31.8,27,0,Normal_Operation
9771,M,298.7,309.6,1424,50.4,32,0,Normal_Operation
9772,L,298.5,309.5,1561,34.8,35,0,Normal_Operation
9773,L,298.5,309.4,1560,37.9,37,0,Normal_Operation
9774,H,298.6,309.5,1375,41.0,39,0,Normal_Operation
9775,M,298.6,309.5,1684,27.8,44,0,Normal_Operation
9776,M,298.6,309.6,1397,54.1,47,0,Normal_Operation
9777,L,298.6,309.6,1387,57.6,50,0,Normal_Operation
9778,H,298.7,309.7,1311,54.5,52,0,Normal_Operation
9779,L,298.8,309.8,1509,36.2,57,0,Normal_Operation
9780,M,298.8,309.8,1477,46.7,59,0,Normal_Operation
9781,L,298.8,309.9,1441,41.6,62,0,Normal_Operation
9782,L,298.7,309.9,1404,47.1,64,0,Normal_Operation
9783,H,298.8,309.9,1466,44.6,66,0,Normal_Operation
9784,M,298.7,309.8,1435,48.8,71,0,Normal_Operation
9785,H,298.7,309.7,1697,29.8,74,0,Normal_Operation
9786,M,298.7,309.6,1738,27.3,79,0,Normal_Operation
9787,H,298.6,309.5,1420,50.4,82,0,Normal_Operation
9788,M,298.5,309.5,1535,39.8,87,0,Normal_Operation
9789,L,298.6,309.6,1715,28.4,90,0,Normal_Operation
9790,L,298.6,309.5,1483,43.2,92,0,Normal_Operation
9791,M,298.5,309.4,1521,37.5,94,0,Normal_Operation
9792,H,298.5,309.4,1573,36.0,97,0,Normal_Operation
9793,H,298.5,309.4,1414,46.7,102,0,Normal_Operation
9794,L,298.5,309.3,1590,33.9,107,0,Normal_Operation
9795,L,298.5,309.3,1623,33.1,109,0,Normal_Operation
9796,H,298.4,309.3,1694,30.9,111,0,Normal_Operation
9797,M,298.4,309.2,1597,33.5,116,0,Normal_Operation
9798,L,298.5,309.3,1471,44.7,119,0,Normal_Operation
9799,M,298.5,309.3,1551,34.7,121,0,Normal_Operation
9800,H,298.5,309.3,1421,50.3,124,0,Normal_Operation
9801,M,298.4,309.3,1496,45.6,129,0,Normal_Operation
9802,H,298.4,309.3,1984,19.2,132,0,Normal_Operation
9803,L,298.4,309.2,1692,29.8,137,0,Normal_Operation
9804,L,298.4,309.1,1467,42.5,139,0,Normal_Operation
9805,L,298.4,309.2,1651,28.5,141,0,Normal_Operation
9806,L,298.3,309.1,1417,60.5,143,0,Normal_Operation
9807,L,298.2,309.0,1413,55.0,145,0,Normal_Operation
9808,M,298.2,309.0,1441,44.2,147,0,Normal_Operation
9809,M,298.2,309.0,1353,50.3,150,0,Normal_Operation
9810,L,298.1,309.0,1502,40.9,153,0,Normal_Operation
9811,L,298.2,309.0,1610,31.7,155,0,Normal_Operation
9812,M,298.2,309.1,1411,45.8,157,0,Normal_Operation
9813,L,298.3,309.1,1387,52.3,160,0,Normal_Operation
9814,H,298.3,309.1,1430,40.9,162,0,Normal_Operation
9815,M,298.4,309.1,1576,38.8,167,0,Normal_Operation
9816,M,298.5,309.2,1721,29.4,170,0,Normal_Operation
9817,M,298.5,309.3,1465,42.4,173,0,Normal_Operation
9818,M,298.6,309.4,1407,45.1,176,0,Normal_Operation
9819,M,298.6,309.4,1464,36.9,179,0,Normal_Operation
9820,M,298.6,309.5,1568,36.7,182,0,Normal_Operation
9821,L,298.6,309.4,1667,35.6,185,0,Normal_Operation
9822,L,298.5,309.4,1360,60.9,187,1,Excessive_Load
9823,M,298.5,309.3,1488,43.7,189,0,Normal_Operation
9824,L,298.4,309.3,1504,39.3,192,0,Normal_Operation
9825,L,298.4,309.2,1610,32.4,194,0,Normal_Operation
9826,L,298.4,309.2,1345,52.7,196,0,Normal_Operation
9827,M,298.3,309.3,1376,57.0,198,0,Normal_Operation
9828,L,298.4,309.4,1385,50.0,201,0,Normal_Operation
9829,M,298.4,309.4,1429,41.8,203,0,Normal_Operation
9830,L,298.3,309.3,1337,56.1,206,1,Excessive_Load
9831,L,298.4,309.3,1542,35.4,208,0,Normal_Operation
9832,L,298.4,309.2,2118,17.7,210,0,Normal_Operation
9833,L,298.3,309.1,1386,45.3,212,0,Normal_Operation
9834,M,298.3,309.1,1632,32.7,0,0,Normal_Operation
9835,L,298.4,309.3,1545,36.9,3,0,Normal_Operation
9836,M,298.4,309.3,1390,53.6,5,0,Normal_Operation
9837,M,298.4,309.3,1355,50.6,8,0,Normal_Operation
9838,L,298.4,309.2,1425,45.5,11,0,Normal_Operation
9839,M,298.4,309.2,1491,51.2,13,0,Normal_Operation
9840,H,298.3,309.2,1486,42.4,16,0,Normal_Operation
9841,M,298.3,309.2,1359,51.4,21,0,Normal_Operation
9842,L,298.4,309.3,1395,47.6,24,0,Normal_Operation
9843,L,298.3,309.2,1383,52.1,26,0,Normal_Operation
9844,H,298.3,309.1,1484,37.0,28,0,Normal_Operation
9845,L,298.3,309.1,1421,47.4,33,0,Normal_Operation
9846,L,298.3,309.0,1339,58.8,35,0,Normal_Operation
9847,L,298.4,309.1,1362,46.1,37,0,Normal_Operation
9848,H,298.5,309.2,1568,40.6,39,0,Normal_Operation
9849,L,298.6,309.4,2312,15.5,44,0,Normal_Operation
9850,M,298.5,309.3,1498,34.6,46,0,Normal_Operation
9851,M,298.5,309.3,1761,27.2,49,0,Normal_Operation
9852,L,298.6,309.4,1316,51.4,52,0,Normal_Operation
9853,L,298.6,309.4,1525,37.8,54,0,Normal_Operation
9854,H,298.6,309.4,1362,45.3,56,0,Normal_Operation
9855,L,298.7,309.6,1516,38.5,61,0,Normal_Operation
9856,L,298.6,309.5,1450,44.2,63,0,Normal_Operation
9857,M,298.6,309.5,1366,55.0,65,0,Normal_Operation
9858,L,298.5,309.5,1547,33.1,68,0,Normal_Operation
9859,M,298.6,309.5,1580,33.9,70,0,Normal_Operation
9860,H,298.7,309.6,1755,26.9,73,0,Normal_Operation
9861,M,298.7,309.6,1800,24.8,78,0,Normal_Operation
9862,M,298.8,309.7,1439,45.8,81,0,Normal_Operation
9863,L,298.9,309.8,1411,56.3,84,0,Normal_Operation
9864,M,298.9,309.9,1645,31.4,86,0,Normal_Operation
9865,M,298.9,309.8,2450,13.9,89,0,Normal_Operation
9866,L,299.0,309.9,1630,34.0,92,0,Normal_Operation
9867,L,299.0,309.9,1411,44.7,94,0,Normal_Operation
9868,L,298.9,309.9,1526,35.4,96,0,Normal_Operation
9869,L,298.9,309.9,1590,31.3,98,0,Normal_Operation
9870,H,299.0,309.9,1884,25.6,100,0,Normal_Operation
9871,M,298.9,309.8,1947,21.7,105,0,Normal_Operation
9872,L,298.9,309.9,1373,52.1,108,0,Normal_Operation
9873,L,298.9,309.8,1616,36.5,110,0,Normal_Operation
9874,M,298.9,309.9,1449,44.1,112,0,Normal_Operation
9875,M,298.9,309.8,1363,50.6,115,0,Normal_Operation
9876,H,298.8,309.7,1461,55.1,118,0,Normal_Operation
9877,L,298.8,309.7,1374,58.6,123,0,Normal_Operation
9878,L,298.7,309.7,1293,59.1,125,0,Normal_Operation
9879,M,298.8,309.8,1490,38.6,127,0,Normal_Operation
9880,L,298.8,309.8,1753,27.5,130,0,Normal_Operation
9881,L,298.8,309.8,1493,38.5,132,0,Normal_Operation
9882,L,298.8,309.8,1895,22.0,134,0,Normal_Operation
9883,H,298.7,309.6,1654,34.3,136,0,Normal_Operation
9884,L,298.7,309.5,1673,30.8,141,0,Normal_Operation
9885,L,298.8,309.6,1613,27.7,143,0,Normal_Operation
9886,L,298.8,309.6,1903,22.3,145,0,Normal_Operation
9887,L,298.8,309.5,1368,44.7,147,0,Normal_Operation
9888,M,298.8,309.6,1575,34.4,149,0,Normal_Operation
9889,H,298.8,309.6,1516,40.2,152,0,Normal_Operation
9890,L,298.8,309.5,1645,32.8,157,0,Normal_Operation
9891,L,298.8,309.5,1374,48.1,159,0,Normal_Operation
9892,H,298.9,309.7,1407,48.6,161,0,Normal_Operation
9893,M,298.9,309.6,1284,55.3,166,0,Normal_Operation
9894,L,298.9,309.5,1645,31.1,169,0,Normal_Operation
9895,L,298.8,309.4,1387,54.1,171,0,Normal_Operation
9896,M,298.8,309.3,1618,35.1,173,0,Normal_Operation
9897,L,298.8,309.3,1357,47.1,176,0,Normal_Operation
9898,L,298.7,309.2,1396,44.8,178,0,Normal_Operation
9899,L,298.7,309.2,1586,31.4,180,0,Normal_Operation
9900,H,298.7,309.2,1449,42.3,182,0,Normal_Operation
9901,M,298.7,309.2,1423,48.9,187,0,Normal_Operation
9902,H,298.7,309.3,1402,45.3,190,0,Normal_Operation
9903,M,298.7,309.2,1437,45.7,195,0,Normal_Operation
9904,L,298.6,309.1,1537,35.7,198,0,Normal_Operation
9905,M,298.7,309.1,1423,49.5,200,0,Normal_Operation
9906,M,298.6,309.1,1587,37.3,203,0,Normal_Operation
9907,M,298.6,309.1,1487,43.2,206,0,Normal_Operation
9908,L,298.6,309.0,1456,47.7,0,0,Normal_Operation
9909,L,298.7,309.1,1607,32.7,2,0,Normal_Operation
9910,L,298.6,309.0,1469,46.0,4,0,Normal_Operation
9911,M,298.6,309.0,1481,40.8,6,0,Normal_Operation
9912,L,298.6,308.9,1327,58.8,9,0,Normal_Operation
9913,L,298.5,308.8,1589,30.6,11,0,Normal_Operation
9914,L,298.5,308.8,1670,29.6,13,0,Normal_Operation
9915,M,298.5,308.7,1662,28.3,15,0,Normal_Operation
9916,M,298.5,308.8,1553,34.9,18,0,Normal_Operation
9917,M,298.5,308.8,1557,36.0,21,0,Normal_Operation
9918,L,298.4,308.8,1352,56.7,24,0,Normal_Operation
9919,L,298.5,308.8,1305,58.7,26,0,Normal_Operation
9920,H,298.5,308.7,1450,43.9,28,0,Normal_Operation
9921,M,298.5,308.7,1347,48.5,33,0,Normal_Operation
9922,H,298.6,308.8,1566,39.1,36,0,Normal_Operation
9923,M,298.5,308.7,1615,33.3,41,0,Normal_Operation
9924,M,298.5,308.6,1384,54.4,44,0,Normal_Operation
9925,M,298.5,308.7,1367,47.3,47,0,Normal_Operation
9926,M,298.5,308.6,1897,20.2,50,0,Normal_Operation
9927,L,298.5,308.6,1522,36.9,53,0,Normal_Operation
9928,M,298.4,308.5,1576,27.4,55,0,Normal_Operation
9929,H,298.4,308.4,1479,39.2,58,0,Normal_Operation
9930,L,298.3,308.3,1452,45.5,63,0,Normal_Operation
9931,L,298.3,308.3,1432,46.9,65,0,Normal_Operation
9932,L,298.3,308.2,1663,28.4,67,0,Normal_Operation
9933,L,298.3,308.3,1597,32.4,69,0,Normal_Operation
9934,L,298.3,308.2,1472,44.3,71,0,Normal_Operation
9935,L,298.4,308.3,1452,48.5,73,0,Normal_Operation
9936,H,298.3,308.2,1534,33.2,75,0,Normal_Operation
9937,L,298.3,308.1,1505,46.1,80,0,Normal_Operation
9938,L,298.3,308.1,1528,33.9,82,0,Normal_Operation
9939,H,298.3,308.1,2636,12.8,84,0,Normal_Operation
9940,M,298.3,308.1,1722,28.6,89,0,Normal_Operation
9941,L,298.4,308.1,1395,44.0,92,0,Normal_Operation
9942,L,298.4,308.1,1375,50.8,94,0,Normal_Operation
9943,M,298.3,308.0,1766,26.0,96,0,Normal_Operation
9944,L,298.3,307.9,1399,47.8,99,0,Normal_Operation
9945,L,298.3,308.0,1578,37.8,101,0,Normal_Operation
9946,L,298.3,307.9,1502,42.0,103,0,Normal_Operation
9947,M,298.2,307.9,1529,36.6,105,0,Normal_Operation
9948,L,298.2,307.8,1804,25.1,108,0,Normal_Operation
9949,M,298.2,307.8,1411,53.4,110,0,Normal_Operation
9950,L,298.1,307.8,1413,54.1,113,0,Normal_Operation
9951,L,298.2,307.8,1355,59.4,115,0,Normal_Operation
9952,L,298.2,307.8,1429,46.9,117,0,Normal_Operation
9953,L,298.1,307.8,1565,35.3,119,0,Normal_Operation
9954,M,298.1,307.9,1446,42.8,121,0,Normal_Operation
9955,M,298.2,307.9,1462,38.8,124,0,Normal_Operation
9956,M,298.2,307.8,1578,34.5,127,0,Normal_Operation
9957,L,298.1,307.8,1606,33.0,130,0,Normal_Operation
9958,M,298.1,307.8,1525,35.9,132,0,Normal_Operation
9959,L,298.1,307.8,1379,49.1,135,0,Normal_Operation
9960,L,298.2,307.8,1575,35.0,137,0,Normal_Operation
9961,L,298.2,307.9,1399,54.9,139,0,Normal_Operation
9962,L,298.2,307.9,1429,49.4,141,0,Normal_Operation
9963,L,298.3,307.9,1435,39.9,143,0,Normal_Operation
9964,L,298.3,307.9,1766,26.5,145,0,Normal_Operation
9965,L,298.3,307.9,1703,28.9,147,0,Normal_Operation
9966,L,298.3,307.9,1507,41.2,149,0,Normal_Operation
9967,M,298.3,307.9,1609,32.4,151,0,Normal_Operation
9968,L,298.4,308.0,1605,32.4,154,0,Normal_Operation
9969,L,298.4,308.1,1491,50.0,156,0,Normal_Operation
9970,H,298.4,308.1,1891,24.7,158,0,Normal_Operation
9971,H,298.5,308.2,1563,44.6,163,0,Normal_Operation
9972,L,298.6,308.2,1390,51.4,168,0,Normal_Operation
9973,L,298.5,308.2,1444,40.5,170,0,Normal_Operation
9974,L,298.6,308.2,1361,68.2,172,1,Power_Supply_Issue
9975,M,298.6,308.3,1589,34.1,174,0,Normal_Operation
9976,L,298.6,308.2,1705,26.3,177,0,Normal_Operation
9977,L,298.6,308.3,1422,40.4,179,0,Normal_Operation
9978,H,298.6,308.3,1377,52.1,181,0,Normal_Operation
9979,L,298.5,308.3,1334,49.8,186,0,Normal_Operation
9980,L,298.6,308.4,1559,36.6,188,0,Normal_Operation
9981,L,298.7,308.5,1353,47.0,190,0,Normal_Operation
9982,M,298.7,308.4,1507,45.7,192,0,Normal_Operation
9983,L,298.7,308.4,1694,28.7,195,0,Normal_Operation
9984,H,298.7,308.4,1432,42.8,197,0,Normal_Operation
9985,H,298.7,308.5,1572,35.6,202,0,Normal_Operation
9986,M,298.8,308.6,1507,42.3,207,0,Normal_Operation
9987,M,298.8,308.6,1500,37.1,210,0,Normal_Operation
9988,L,298.9,308.6,1771,24.1,213,0,Normal_Operation
9989,M,298.8,308.5,1577,33.2,0,0,Normal_Operation
9990,L,298.8,308.5,1527,36.2,3,0,Normal_Operation
9991,M,298.9,308.4,1827,26.1,5,0,Normal_Operation
9992,L,298.8,308.4,1484,39.2,8,0,Normal_Operation
9993,L,298.8,308.4,1401,47.3,10,0,Normal_Operation
9994,L,298.8,308.3,1634,27.9,12,0,Normal_Operation
9995,M,298.8,308.4,1604,29.5,14,0,Normal_Operation
9996,H,298.9,308.4,1632,31.8,17,0,Normal_Operation
9997,M,299.0,308.6,1645,33.4,22,0,Normal_Operation
9998,H,299.0,308.7,1408,48.5,25,0,Normal_Operation
9999,M,299.0,308.7,1500,40.2,30,0,Normal_Operation
